Source,Target,Weight
"Crouching Tiger, Hidden Dragon",Durian Durian,1
"Crouching Tiger, Hidden Dragon",In the Mood for Love,2
"Crouching Tiger, Hidden Dragon",2000 AD,0
"Crouching Tiger, Hidden Dragon",Shaolin Soccer,0
"Crouching Tiger, Hidden Dragon",July Rhapsody,1
"Crouching Tiger, Hidden Dragon",Forever and Ever,1
"Crouching Tiger, Hidden Dragon",Visible Secret,0
"Crouching Tiger, Hidden Dragon",The Accidental Spy,0
"Crouching Tiger, Hidden Dragon",Peony Pavilion,2
"Crouching Tiger, Hidden Dragon",Infernal Affairs,1
"Crouching Tiger, Hidden Dragon",The eye,1
"Crouching Tiger, Hidden Dragon",Double Vision,1
"Crouching Tiger, Hidden Dragon",Three,1
"Crouching Tiger, Hidden Dragon",Hero,1
"Crouching Tiger, Hidden Dragon",Running on Karma,1
"Crouching Tiger, Hidden Dragon",PTU,1
"Crouching Tiger, Hidden Dragon",Lost In Time,2
"Crouching Tiger, Hidden Dragon",Men Suddenly In Black,1
"Crouching Tiger, Hidden Dragon",Naked Ambition,1
"Crouching Tiger, Hidden Dragon",Star Runner,2
"Crouching Tiger, Hidden Dragon",The Floating Landscape,2
"Crouching Tiger, Hidden Dragon",Twins Effect,0
"Crouching Tiger, Hidden Dragon",Kung Fu Hustle,0
"Crouching Tiger, Hidden Dragon",One Nite in Mongkok,2
"Crouching Tiger, Hidden Dragon",2046,2
"Crouching Tiger, Hidden Dragon",Dumplings,1
"Crouching Tiger, Hidden Dragon",Butterfly,2
"Crouching Tiger, Hidden Dragon",Election,1
"Crouching Tiger, Hidden Dragon",Perhaps Love,2
"Crouching Tiger, Hidden Dragon",Initial D,1
"Crouching Tiger, Hidden Dragon",2 Young,2
"Crouching Tiger, Hidden Dragon",Divergence,1
"Crouching Tiger, Hidden Dragon",After This Our Exile,1
"Crouching Tiger, Hidden Dragon",My Name Is Fame,1
"Crouching Tiger, Hidden Dragon",Curse of the Golden Flower,2
"Crouching Tiger, Hidden Dragon",The Banquet,1
"Crouching Tiger, Hidden Dragon",Confession of Pain,1
"Crouching Tiger, Hidden Dragon",A Battle of Wits,1
"Crouching Tiger, Hidden Dragon",The Warlords,1
"Crouching Tiger, Hidden Dragon",Mad Detective,0
"Crouching Tiger, Hidden Dragon",The Postmodern Life of My Aunt,2
"Crouching Tiger, Hidden Dragon",Prot¨¦g¨¦,1
"Crouching Tiger, Hidden Dragon",The Pye Dog,1
"Crouching Tiger, Hidden Dragon",Eye in the Sky,0
"Crouching Tiger, Hidden Dragon",Ip Man,1
"Crouching Tiger, Hidden Dragon",The Way We Are,1
"Crouching Tiger, Hidden Dragon",The Beast Stalker,0
"Crouching Tiger, Hidden Dragon",CJ7,0
"Crouching Tiger, Hidden Dragon",Painted Skin,2
"Crouching Tiger, Hidden Dragon",Connected,1
"Crouching Tiger, Hidden Dragon",Red Cliff,0
"Crouching Tiger, Hidden Dragon",Bodyguards and Assassins,1
"Crouching Tiger, Hidden Dragon",Echoes Of The Rainbow,1
"Crouching Tiger, Hidden Dragon",At The End Of Daybreak,1
"Crouching Tiger, Hidden Dragon",Accident,0
"Crouching Tiger, Hidden Dragon",Overheard,1
Durian Durian,In the Mood for Love,1
Durian Durian,2000 AD,0
Durian Durian,Shaolin Soccer,0
Durian Durian,July Rhapsody,1
Durian Durian,Forever and Ever,1
Durian Durian,Visible Secret,0
Durian Durian,The Accidental Spy,0
Durian Durian,Peony Pavilion,1
Durian Durian,Infernal Affairs,1
Durian Durian,The eye,1
Durian Durian,Double Vision,1
Durian Durian,Three,0
Durian Durian,Hero,1
Durian Durian,Running on Karma,1
Durian Durian,PTU,1
Durian Durian,Lost In Time,1
Durian Durian,Men Suddenly In Black,1
Durian Durian,Naked Ambition,1
Durian Durian,Star Runner,1
Durian Durian,The Floating Landscape,1
Durian Durian,Twins Effect,0
Durian Durian,Kung Fu Hustle,0
Durian Durian,One Nite in Mongkok,1
Durian Durian,2046,1
Durian Durian,Dumplings,1
Durian Durian,Butterfly,1
Durian Durian,Election,1
Durian Durian,Perhaps Love,1
Durian Durian,Initial D,1
Durian Durian,2 Young,1
Durian Durian,Divergence,1
Durian Durian,After This Our Exile,1
Durian Durian,My Name Is Fame,1
Durian Durian,Curse of the Golden Flower,1
Durian Durian,The Banquet,1
Durian Durian,Confession of Pain,1
Durian Durian,A Battle of Wits,1
Durian Durian,The Warlords,1
Durian Durian,Mad Detective,0
Durian Durian,The Postmodern Life of My Aunt,1
Durian Durian,Prot¨¦g¨¦,1
Durian Durian,The Pye Dog,1
Durian Durian,Eye in the Sky,0
Durian Durian,Ip Man,1
Durian Durian,The Way We Are,1
Durian Durian,The Beast Stalker,0
Durian Durian,CJ7,0
Durian Durian,Painted Skin,1
Durian Durian,Connected,1
Durian Durian,Red Cliff,0
Durian Durian,Bodyguards and Assassins,1
Durian Durian,Echoes Of The Rainbow,1
Durian Durian,At The End Of Daybreak,1
Durian Durian,Accident,0
Durian Durian,Overheard,1
In the Mood for Love,2000 AD,0
In the Mood for Love,Shaolin Soccer,0
In the Mood for Love,July Rhapsody,1
In the Mood for Love,Forever and Ever,1
In the Mood for Love,Visible Secret,0
In the Mood for Love,The Accidental Spy,0
In the Mood for Love,Peony Pavilion,2
In the Mood for Love,Infernal Affairs,1
In the Mood for Love,The eye,1
In the Mood for Love,Double Vision,1
In the Mood for Love,Three,1
In the Mood for Love,Hero,1
In the Mood for Love,Running on Karma,1
In the Mood for Love,PTU,1
In the Mood for Love,Lost In Time,2
In the Mood for Love,Men Suddenly In Black,1
In the Mood for Love,Naked Ambition,1
In the Mood for Love,Star Runner,2
In the Mood for Love,The Floating Landscape,2
In the Mood for Love,Twins Effect,0
In the Mood for Love,Kung Fu Hustle,0
In the Mood for Love,One Nite in Mongkok,2
In the Mood for Love,2046,2
In the Mood for Love,Dumplings,1
In the Mood for Love,Butterfly,2
In the Mood for Love,Election,1
In the Mood for Love,Perhaps Love,2
In the Mood for Love,Initial D,1
In the Mood for Love,2 Young,2
In the Mood for Love,Divergence,1
In the Mood for Love,After This Our Exile,1
In the Mood for Love,My Name Is Fame,1
In the Mood for Love,Curse of the Golden Flower,2
In the Mood for Love,The Banquet,1
In the Mood for Love,Confession of Pain,1
In the Mood for Love,A Battle of Wits,1
In the Mood for Love,The Warlords,1
In the Mood for Love,Mad Detective,0
In the Mood for Love,The Postmodern Life of My Aunt,2
In the Mood for Love,Prot¨¦g¨¦,1
In the Mood for Love,The Pye Dog,1
In the Mood for Love,Eye in the Sky,0
In the Mood for Love,Ip Man,1
In the Mood for Love,The Way We Are,1
In the Mood for Love,The Beast Stalker,0
In the Mood for Love,CJ7,0
In the Mood for Love,Painted Skin,2
In the Mood for Love,Connected,1
In the Mood for Love,Red Cliff,0
In the Mood for Love,Bodyguards and Assassins,1
In the Mood for Love,Echoes Of The Rainbow,1
In the Mood for Love,At The End Of Daybreak,1
In the Mood for Love,Accident,0
In the Mood for Love,Overheard,1
2000 AD,Shaolin Soccer,1
2000 AD,July Rhapsody,0
2000 AD,Forever and Ever,0
2000 AD,Visible Secret,0
2000 AD,The Accidental Spy,2
2000 AD,Peony Pavilion,0
2000 AD,Infernal Affairs,1
2000 AD,The eye,1
2000 AD,Double Vision,1
2000 AD,Three,1
2000 AD,Hero,1
2000 AD,Running on Karma,2
2000 AD,PTU,0
2000 AD,Lost In Time,0
2000 AD,Men Suddenly In Black,0
2000 AD,Naked Ambition,0
2000 AD,Star Runner,1
2000 AD,The Floating Landscape,0
2000 AD,Twins Effect,2
2000 AD,Kung Fu Hustle,1
2000 AD,One Nite in Mongkok,1
2000 AD,2046,0
2000 AD,Dumplings,1
2000 AD,Butterfly,0
2000 AD,Election,1
2000 AD,Perhaps Love,0
2000 AD,Initial D,1
2000 AD,2 Young,0
2000 AD,Divergence,1
2000 AD,After This Our Exile,0
2000 AD,My Name Is Fame,0
2000 AD,Curse of the Golden Flower,1
2000 AD,The Banquet,1
2000 AD,Confession of Pain,1
2000 AD,A Battle of Wits,1
2000 AD,The Warlords,1
2000 AD,Mad Detective,2
2000 AD,The Postmodern Life of My Aunt,0
2000 AD,Prot¨¦g¨¦,1
2000 AD,The Pye Dog,0
2000 AD,Eye in the Sky,1
2000 AD,Ip Man,1
2000 AD,The Way We Are,0
2000 AD,The Beast Stalker,2
2000 AD,CJ7,0
2000 AD,Painted Skin,1
2000 AD,Connected,1
2000 AD,Red Cliff,1
2000 AD,Bodyguards and Assassins,1
2000 AD,Echoes Of The Rainbow,0
2000 AD,At The End Of Daybreak,1
2000 AD,Accident,1
2000 AD,Overheard,2
Shaolin Soccer,July Rhapsody,0
Shaolin Soccer,Forever and Ever,0
Shaolin Soccer,Visible Secret,0
Shaolin Soccer,The Accidental Spy,2
Shaolin Soccer,Peony Pavilion,0
Shaolin Soccer,Infernal Affairs,0
Shaolin Soccer,The eye,0
Shaolin Soccer,Double Vision,0
Shaolin Soccer,Three,0
Shaolin Soccer,Hero,1
Shaolin Soccer,Running on Karma,1
Shaolin Soccer,PTU,0
Shaolin Soccer,Lost In Time,0
Shaolin Soccer,Men Suddenly In Black,1
Shaolin Soccer,Naked Ambition,1
Shaolin Soccer,Star Runner,1
Shaolin Soccer,The Floating Landscape,0
Shaolin Soccer,Twins Effect,2
Shaolin Soccer,Kung Fu Hustle,2
Shaolin Soccer,One Nite in Mongkok,1
Shaolin Soccer,2046,0
Shaolin Soccer,Dumplings,0
Shaolin Soccer,Butterfly,0
Shaolin Soccer,Election,0
Shaolin Soccer,Perhaps Love,0
Shaolin Soccer,Initial D,1
Shaolin Soccer,2 Young,0
Shaolin Soccer,Divergence,1
Shaolin Soccer,After This Our Exile,0
Shaolin Soccer,My Name Is Fame,1
Shaolin Soccer,Curse of the Golden Flower,1
Shaolin Soccer,The Banquet,1
Shaolin Soccer,Confession of Pain,0
Shaolin Soccer,A Battle of Wits,1
Shaolin Soccer,The Warlords,1
Shaolin Soccer,Mad Detective,1
Shaolin Soccer,The Postmodern Life of My Aunt,1
Shaolin Soccer,Prot¨¦g¨¦,0
Shaolin Soccer,The Pye Dog,0
Shaolin Soccer,Eye in the Sky,0
Shaolin Soccer,Ip Man,1
Shaolin Soccer,The Way We Are,0
Shaolin Soccer,The Beast Stalker,1
Shaolin Soccer,CJ7,1
Shaolin Soccer,Painted Skin,0
Shaolin Soccer,Connected,1
Shaolin Soccer,Red Cliff,1
Shaolin Soccer,Bodyguards and Assassins,1
Shaolin Soccer,Echoes Of The Rainbow,0
Shaolin Soccer,At The End Of Daybreak,0
Shaolin Soccer,Accident,0
Shaolin Soccer,Overheard,1
July Rhapsody,Forever and Ever,1
July Rhapsody,Visible Secret,0
July Rhapsody,The Accidental Spy,0
July Rhapsody,Peony Pavilion,1
July Rhapsody,Infernal Affairs,1
July Rhapsody,The eye,1
July Rhapsody,Double Vision,1
July Rhapsody,Three,0
July Rhapsody,Hero,1
July Rhapsody,Running on Karma,1
July Rhapsody,PTU,1
July Rhapsody,Lost In Time,1
July Rhapsody,Men Suddenly In Black,1
July Rhapsody,Naked Ambition,1
July Rhapsody,Star Runner,1
July Rhapsody,The Floating Landscape,1
July Rhapsody,Twins Effect,0
July Rhapsody,Kung Fu Hustle,0
July Rhapsody,One Nite in Mongkok,1
July Rhapsody,2046,1
July Rhapsody,Dumplings,1
July Rhapsody,Butterfly,1
July Rhapsody,Election,1
July Rhapsody,Perhaps Love,1
July Rhapsody,Initial D,1
July Rhapsody,2 Young,1
July Rhapsody,Divergence,1
July Rhapsody,After This Our Exile,1
July Rhapsody,My Name Is Fame,1
July Rhapsody,Curse of the Golden Flower,1
July Rhapsody,The Banquet,1
July Rhapsody,Confession of Pain,1
July Rhapsody,A Battle of Wits,1
July Rhapsody,The Warlords,1
July Rhapsody,Mad Detective,0
July Rhapsody,The Postmodern Life of My Aunt,1
July Rhapsody,Prot¨¦g¨¦,1
July Rhapsody,The Pye Dog,1
July Rhapsody,Eye in the Sky,0
July Rhapsody,Ip Man,1
July Rhapsody,The Way We Are,1
July Rhapsody,The Beast Stalker,0
July Rhapsody,CJ7,0
July Rhapsody,Painted Skin,1
July Rhapsody,Connected,1
July Rhapsody,Red Cliff,0
July Rhapsody,Bodyguards and Assassins,1
July Rhapsody,Echoes Of The Rainbow,1
July Rhapsody,At The End Of Daybreak,1
July Rhapsody,Accident,0
July Rhapsody,Overheard,1
Forever and Ever,Visible Secret,0
Forever and Ever,The Accidental Spy,0
Forever and Ever,Peony Pavilion,1
Forever and Ever,Infernal Affairs,1
Forever and Ever,The eye,1
Forever and Ever,Double Vision,1
Forever and Ever,Three,0
Forever and Ever,Hero,1
Forever and Ever,Running on Karma,1
Forever and Ever,PTU,1
Forever and Ever,Lost In Time,1
Forever and Ever,Men Suddenly In Black,1
Forever and Ever,Naked Ambition,1
Forever and Ever,Star Runner,1
Forever and Ever,The Floating Landscape,1
Forever and Ever,Twins Effect,0
Forever and Ever,Kung Fu Hustle,0
Forever and Ever,One Nite in Mongkok,1
Forever and Ever,2046,1
Forever and Ever,Dumplings,1
Forever and Ever,Butterfly,1
Forever and Ever,Election,1
Forever and Ever,Perhaps Love,1
Forever and Ever,Initial D,1
Forever and Ever,2 Young,1
Forever and Ever,Divergence,1
Forever and Ever,After This Our Exile,2
Forever and Ever,My Name Is Fame,1
Forever and Ever,Curse of the Golden Flower,1
Forever and Ever,The Banquet,1
Forever and Ever,Confession of Pain,1
Forever and Ever,A Battle of Wits,1
Forever and Ever,The Warlords,1
Forever and Ever,Mad Detective,0
Forever and Ever,The Postmodern Life of My Aunt,1
Forever and Ever,Prot¨¦g¨¦,1
Forever and Ever,The Pye Dog,1
Forever and Ever,Eye in the Sky,0
Forever and Ever,Ip Man,1
Forever and Ever,The Way We Are,2
Forever and Ever,The Beast Stalker,0
Forever and Ever,CJ7,0
Forever and Ever,Painted Skin,1
Forever and Ever,Connected,1
Forever and Ever,Red Cliff,0
Forever and Ever,Bodyguards and Assassins,1
Forever and Ever,Echoes Of The Rainbow,2
Forever and Ever,At The End Of Daybreak,2
Forever and Ever,Accident,0
Forever and Ever,Overheard,1
Visible Secret,The Accidental Spy,0
Visible Secret,Peony Pavilion,0
Visible Secret,Infernal Affairs,0
Visible Secret,The eye,0
Visible Secret,Double Vision,1
Visible Secret,Three,1
Visible Secret,Hero,0
Visible Secret,Running on Karma,0
Visible Secret,PTU,0
Visible Secret,Lost In Time,0
Visible Secret,Men Suddenly In Black,0
Visible Secret,Naked Ambition,0
Visible Secret,Star Runner,0
Visible Secret,The Floating Landscape,0
Visible Secret,Twins Effect,0
Visible Secret,Kung Fu Hustle,1
Visible Secret,One Nite in Mongkok,0
Visible Secret,2046,1
Visible Secret,Dumplings,0
Visible Secret,Butterfly,0
Visible Secret,Election,0
Visible Secret,Perhaps Love,0
Visible Secret,Initial D,0
Visible Secret,2 Young,0
Visible Secret,Divergence,0
Visible Secret,After This Our Exile,0
Visible Secret,My Name Is Fame,0
Visible Secret,Curse of the Golden Flower,0
Visible Secret,The Banquet,0
Visible Secret,Confession of Pain,0
Visible Secret,A Battle of Wits,0
Visible Secret,The Warlords,0
Visible Secret,Mad Detective,0
Visible Secret,The Postmodern Life of My Aunt,0
Visible Secret,Prot¨¦g¨¦,0
Visible Secret,The Pye Dog,0
Visible Secret,Eye in the Sky,0
Visible Secret,Ip Man,0
Visible Secret,The Way We Are,0
Visible Secret,The Beast Stalker,0
Visible Secret,CJ7,1
Visible Secret,Painted Skin,1
Visible Secret,Connected,0
Visible Secret,Red Cliff,0
Visible Secret,Bodyguards and Assassins,0
Visible Secret,Echoes Of The Rainbow,0
Visible Secret,At The End Of Daybreak,0
Visible Secret,Accident,1
Visible Secret,Overheard,0
The Accidental Spy,Peony Pavilion,0
The Accidental Spy,Infernal Affairs,1
The Accidental Spy,The eye,1
The Accidental Spy,Double Vision,1
The Accidental Spy,Three,1
The Accidental Spy,Hero,1
The Accidental Spy,Running on Karma,2
The Accidental Spy,PTU,0
The Accidental Spy,Lost In Time,0
The Accidental Spy,Men Suddenly In Black,1
The Accidental Spy,Naked Ambition,1
The Accidental Spy,Star Runner,1
The Accidental Spy,The Floating Landscape,0
The Accidental Spy,Twins Effect,3
The Accidental Spy,Kung Fu Hustle,2
The Accidental Spy,One Nite in Mongkok,1
The Accidental Spy,2046,0
The Accidental Spy,Dumplings,1
The Accidental Spy,Butterfly,0
The Accidental Spy,Election,1
The Accidental Spy,Perhaps Love,0
The Accidental Spy,Initial D,1
The Accidental Spy,2 Young,0
The Accidental Spy,Divergence,1
The Accidental Spy,After This Our Exile,0
The Accidental Spy,My Name Is Fame,1
The Accidental Spy,Curse of the Golden Flower,1
The Accidental Spy,The Banquet,1
The Accidental Spy,Confession of Pain,1
The Accidental Spy,A Battle of Wits,1
The Accidental Spy,The Warlords,1
The Accidental Spy,Mad Detective,2
The Accidental Spy,The Postmodern Life of My Aunt,1
The Accidental Spy,Prot¨¦g¨¦,1
The Accidental Spy,The Pye Dog,0
The Accidental Spy,Eye in the Sky,1
The Accidental Spy,Ip Man,1
The Accidental Spy,The Way We Are,0
The Accidental Spy,The Beast Stalker,2
The Accidental Spy,CJ7,1
The Accidental Spy,Painted Skin,1
The Accidental Spy,Connected,1
The Accidental Spy,Red Cliff,1
The Accidental Spy,Bodyguards and Assassins,1
The Accidental Spy,Echoes Of The Rainbow,0
The Accidental Spy,At The End Of Daybreak,1
The Accidental Spy,Accident,1
The Accidental Spy,Overheard,2
Peony Pavilion,Infernal Affairs,1
Peony Pavilion,The eye,1
Peony Pavilion,Double Vision,1
Peony Pavilion,Three,1
Peony Pavilion,Hero,1
Peony Pavilion,Running on Karma,1
Peony Pavilion,PTU,1
Peony Pavilion,Lost In Time,2
Peony Pavilion,Men Suddenly In Black,1
Peony Pavilion,Naked Ambition,1
Peony Pavilion,Star Runner,2
Peony Pavilion,The Floating Landscape,2
Peony Pavilion,Twins Effect,0
Peony Pavilion,Kung Fu Hustle,0
Peony Pavilion,One Nite in Mongkok,2
Peony Pavilion,2046,2
Peony Pavilion,Dumplings,1
Peony Pavilion,Butterfly,3
Peony Pavilion,Election,1
Peony Pavilion,Perhaps Love,2
Peony Pavilion,Initial D,1
Peony Pavilion,2 Young,2
Peony Pavilion,Divergence,1
Peony Pavilion,After This Our Exile,1
Peony Pavilion,My Name Is Fame,1
Peony Pavilion,Curse of the Golden Flower,2
Peony Pavilion,The Banquet,1
Peony Pavilion,Confession of Pain,1
Peony Pavilion,A Battle of Wits,1
Peony Pavilion,The Warlords,1
Peony Pavilion,Mad Detective,0
Peony Pavilion,The Postmodern Life of My Aunt,2
Peony Pavilion,Prot¨¦g¨¦,1
Peony Pavilion,The Pye Dog,1
Peony Pavilion,Eye in the Sky,0
Peony Pavilion,Ip Man,1
Peony Pavilion,The Way We Are,1
Peony Pavilion,The Beast Stalker,0
Peony Pavilion,CJ7,0
Peony Pavilion,Painted Skin,2
Peony Pavilion,Connected,1
Peony Pavilion,Red Cliff,0
Peony Pavilion,Bodyguards and Assassins,1
Peony Pavilion,Echoes Of The Rainbow,1
Peony Pavilion,At The End Of Daybreak,1
Peony Pavilion,Accident,0
Peony Pavilion,Overheard,1
Infernal Affairs,The eye,2
Infernal Affairs,Double Vision,3
Infernal Affairs,Three,1
Infernal Affairs,Hero,1
Infernal Affairs,Running on Karma,2
Infernal Affairs,PTU,2
Infernal Affairs,Lost In Time,1
Infernal Affairs,Men Suddenly In Black,1
Infernal Affairs,Naked Ambition,1
Infernal Affairs,Star Runner,1
Infernal Affairs,The Floating Landscape,1
Infernal Affairs,Twins Effect,1
Infernal Affairs,Kung Fu Hustle,1
Infernal Affairs,One Nite in Mongkok,2
Infernal Affairs,2046,1
Infernal Affairs,Dumplings,2
Infernal Affairs,Butterfly,1
Infernal Affairs,Election,3
Infernal Affairs,Perhaps Love,1
Infernal Affairs,Initial D,1
Infernal Affairs,2 Young,1
Infernal Affairs,Divergence,2
Infernal Affairs,After This Our Exile,1
Infernal Affairs,My Name Is Fame,1
Infernal Affairs,Curse of the Golden Flower,1
Infernal Affairs,The Banquet,1
Infernal Affairs,Confession of Pain,3
Infernal Affairs,A Battle of Wits,1
Infernal Affairs,The Warlords,1
Infernal Affairs,Mad Detective,1
Infernal Affairs,The Postmodern Life of My Aunt,1
Infernal Affairs,Prot¨¦g¨¦,3
Infernal Affairs,The Pye Dog,1
Infernal Affairs,Eye in the Sky,2
Infernal Affairs,Ip Man,1
Infernal Affairs,The Way We Are,1
Infernal Affairs,The Beast Stalker,1
Infernal Affairs,CJ7,0
Infernal Affairs,Painted Skin,2
Infernal Affairs,Connected,1
Infernal Affairs,Red Cliff,0
Infernal Affairs,Bodyguards and Assassins,1
Infernal Affairs,Echoes Of The Rainbow,1
Infernal Affairs,At The End Of Daybreak,3
Infernal Affairs,Accident,1
Infernal Affairs,Overheard,2
The eye,Double Vision,2
The eye,Three,1
The eye,Hero,1
The eye,Running on Karma,2
The eye,PTU,1
The eye,Lost In Time,1
The eye,Men Suddenly In Black,1
The eye,Naked Ambition,1
The eye,Star Runner,1
The eye,The Floating Landscape,1
The eye,Twins Effect,1
The eye,Kung Fu Hustle,0
The eye,One Nite in Mongkok,1
The eye,2046,1
The eye,Dumplings,2
The eye,Butterfly,1
The eye,Election,2
The eye,Perhaps Love,1
The eye,Initial D,1
The eye,2 Young,1
The eye,Divergence,1
The eye,After This Our Exile,1
The eye,My Name Is Fame,1
The eye,Curse of the Golden Flower,1
The eye,The Banquet,1
The eye,Confession of Pain,2
The eye,A Battle of Wits,1
The eye,The Warlords,1
The eye,Mad Detective,1
The eye,The Postmodern Life of My Aunt,1
The eye,Prot¨¦g¨¦,2
The eye,The Pye Dog,1
The eye,Eye in the Sky,1
The eye,Ip Man,1
The eye,The Way We Are,1
The eye,The Beast Stalker,1
The eye,CJ7,0
The eye,Painted Skin,2
The eye,Connected,1
The eye,Red Cliff,0
The eye,Bodyguards and Assassins,1
The eye,Echoes Of The Rainbow,1
The eye,At The End Of Daybreak,2
The eye,Accident,1
The eye,Overheard,2
Double Vision,Three,1
Double Vision,Hero,1
Double Vision,Running on Karma,2
Double Vision,PTU,2
Double Vision,Lost In Time,1
Double Vision,Men Suddenly In Black,1
Double Vision,Naked Ambition,1
Double Vision,Star Runner,1
Double Vision,The Floating Landscape,1
Double Vision,Twins Effect,1
Double Vision,Kung Fu Hustle,1
Double Vision,One Nite in Mongkok,2
Double Vision,2046,1
Double Vision,Dumplings,2
Double Vision,Butterfly,1
Double Vision,Election,3
Double Vision,Perhaps Love,1
Double Vision,Initial D,1
Double Vision,2 Young,1
Double Vision,Divergence,2
Double Vision,After This Our Exile,1
Double Vision,My Name Is Fame,1
Double Vision,Curse of the Golden Flower,1
Double Vision,The Banquet,1
Double Vision,Confession of Pain,3
Double Vision,A Battle of Wits,1
Double Vision,The Warlords,1
Double Vision,Mad Detective,1
Double Vision,The Postmodern Life of My Aunt,1
Double Vision,Prot¨¦g¨¦,3
Double Vision,The Pye Dog,1
Double Vision,Eye in the Sky,2
Double Vision,Ip Man,1
Double Vision,The Way We Are,1
Double Vision,The Beast Stalker,1
Double Vision,CJ7,0
Double Vision,Painted Skin,2
Double Vision,Connected,1
Double Vision,Red Cliff,0
Double Vision,Bodyguards and Assassins,1
Double Vision,Echoes Of The Rainbow,1
Double Vision,At The End Of Daybreak,3
Double Vision,Accident,2
Double Vision,Overheard,2
Three,Hero,0
Three,Running on Karma,1
Three,PTU,0
Three,Lost In Time,1
Three,Men Suddenly In Black,0
Three,Naked Ambition,0
Three,Star Runner,1
Three,The Floating Landscape,1
Three,Twins Effect,1
Three,Kung Fu Hustle,1
Three,One Nite in Mongkok,1
Three,2046,2
Three,Dumplings,1
Three,Butterfly,1
Three,Election,1
Three,Perhaps Love,1
Three,Initial D,0
Three,2 Young,1
Three,Divergence,0
Three,After This Our Exile,0
Three,My Name Is Fame,0
Three,Curse of the Golden Flower,1
Three,The Banquet,0
Three,Confession of Pain,1
Three,A Battle of Wits,0
Three,The Warlords,0
Three,Mad Detective,2
Three,The Postmodern Life of My Aunt,1
Three,Prot¨¦g¨¦,1
Three,The Pye Dog,0
Three,Eye in the Sky,1
Three,Ip Man,0
Three,The Way We Are,0
Three,The Beast Stalker,1
Three,CJ7,1
Three,Painted Skin,3
Three,Connected,0
Three,Red Cliff,0
Three,Bodyguards and Assassins,0
Three,Echoes Of The Rainbow,0
Three,At The End Of Daybreak,1
Three,Accident,1
Three,Overheard,1
Hero,Running on Karma,2
Hero,PTU,1
Hero,Lost In Time,1
Hero,Men Suddenly In Black,1
Hero,Naked Ambition,1
Hero,Star Runner,2
Hero,The Floating Landscape,1
Hero,Twins Effect,1
Hero,Kung Fu Hustle,1
Hero,One Nite in Mongkok,2
Hero,2046,1
Hero,Dumplings,1
Hero,Butterfly,1
Hero,Election,1
Hero,Perhaps Love,1
Hero,Initial D,2
Hero,2 Young,1
Hero,Divergence,2
Hero,After This Our Exile,1
Hero,My Name Is Fame,1
Hero,Curse of the Golden Flower,3
Hero,The Banquet,4
Hero,Confession of Pain,1
Hero,A Battle of Wits,2
Hero,The Warlords,3
Hero,Mad Detective,1
Hero,The Postmodern Life of My Aunt,1
Hero,Prot¨¦g¨¦,1
Hero,The Pye Dog,1
Hero,Eye in the Sky,0
Hero,Ip Man,2
Hero,The Way We Are,1
Hero,The Beast Stalker,1
Hero,CJ7,0
Hero,Painted Skin,1
Hero,Connected,2
Hero,Red Cliff,2
Hero,Bodyguards and Assassins,2
Hero,Echoes Of The Rainbow,1
Hero,At The End Of Daybreak,1
Hero,Accident,0
Hero,Overheard,2
Running on Karma,PTU,1
Running on Karma,Lost In Time,1
Running on Karma,Men Suddenly In Black,1
Running on Karma,Naked Ambition,1
Running on Karma,Star Runner,2
Running on Karma,The Floating Landscape,1
Running on Karma,Twins Effect,2
Running on Karma,Kung Fu Hustle,1
Running on Karma,One Nite in Mongkok,2
Running on Karma,2046,1
Running on Karma,Dumplings,2
Running on Karma,Butterfly,1
Running on Karma,Election,2
Running on Karma,Perhaps Love,1
Running on Karma,Initial D,2
Running on Karma,2 Young,1
Running on Karma,Divergence,2
Running on Karma,After This Our Exile,1
Running on Karma,My Name Is Fame,1
Running on Karma,Curse of the Golden Flower,2
Running on Karma,The Banquet,2
Running on Karma,Confession of Pain,2
Running on Karma,A Battle of Wits,2
Running on Karma,The Warlords,2
Running on Karma,Mad Detective,2
Running on Karma,The Postmodern Life of My Aunt,1
Running on Karma,Prot¨¦g¨¦,2
Running on Karma,The Pye Dog,1
Running on Karma,Eye in the Sky,1
Running on Karma,Ip Man,2
Running on Karma,The Way We Are,1
Running on Karma,The Beast Stalker,2
Running on Karma,CJ7,0
Running on Karma,Painted Skin,2
Running on Karma,Connected,2
Running on Karma,Red Cliff,1
Running on Karma,Bodyguards and Assassins,2
Running on Karma,Echoes Of The Rainbow,1
Running on Karma,At The End Of Daybreak,2
Running on Karma,Accident,1
Running on Karma,Overheard,3
PTU,Lost In Time,1
PTU,Men Suddenly In Black,1
PTU,Naked Ambition,1
PTU,Star Runner,1
PTU,The Floating Landscape,1
PTU,Twins Effect,0
PTU,Kung Fu Hustle,1
PTU,One Nite in Mongkok,2
PTU,2046,1
PTU,Dumplings,1
PTU,Butterfly,1
PTU,Election,2
PTU,Perhaps Love,1
PTU,Initial D,1
PTU,2 Young,1
PTU,Divergence,2
PTU,After This Our Exile,1
PTU,My Name Is Fame,1
PTU,Curse of the Golden Flower,1
PTU,The Banquet,1
PTU,Confession of Pain,2
PTU,A Battle of Wits,1
PTU,The Warlords,1
PTU,Mad Detective,0
PTU,The Postmodern Life of My Aunt,1
PTU,Prot¨¦g¨¦,2
PTU,The Pye Dog,1
PTU,Eye in the Sky,1
PTU,Ip Man,1
PTU,The Way We Are,1
PTU,The Beast Stalker,0
PTU,CJ7,0
PTU,Painted Skin,1
PTU,Connected,1
PTU,Red Cliff,0
PTU,Bodyguards and Assassins,1
PTU,Echoes Of The Rainbow,1
PTU,At The End Of Daybreak,2
PTU,Accident,0
PTU,Overheard,1
Lost In Time,Men Suddenly In Black,1
Lost In Time,Naked Ambition,1
Lost In Time,Star Runner,2
Lost In Time,The Floating Landscape,2
Lost In Time,Twins Effect,0
Lost In Time,Kung Fu Hustle,0
Lost In Time,One Nite in Mongkok,2
Lost In Time,2046,2
Lost In Time,Dumplings,1
Lost In Time,Butterfly,2
Lost In Time,Election,1
Lost In Time,Perhaps Love,2
Lost In Time,Initial D,1
Lost In Time,2 Young,2
Lost In Time,Divergence,1
Lost In Time,After This Our Exile,1
Lost In Time,My Name Is Fame,1
Lost In Time,Curse of the Golden Flower,2
Lost In Time,The Banquet,1
Lost In Time,Confession of Pain,1
Lost In Time,A Battle of Wits,1
Lost In Time,The Warlords,1
Lost In Time,Mad Detective,0
Lost In Time,The Postmodern Life of My Aunt,2
Lost In Time,Prot¨¦g¨¦,1
Lost In Time,The Pye Dog,1
Lost In Time,Eye in the Sky,0
Lost In Time,Ip Man,1
Lost In Time,The Way We Are,1
Lost In Time,The Beast Stalker,0
Lost In Time,CJ7,0
Lost In Time,Painted Skin,2
Lost In Time,Connected,1
Lost In Time,Red Cliff,0
Lost In Time,Bodyguards and Assassins,1
Lost In Time,Echoes Of The Rainbow,1
Lost In Time,At The End Of Daybreak,1
Lost In Time,Accident,0
Lost In Time,Overheard,1
Men Suddenly In Black,Naked Ambition,2
Men Suddenly In Black,Star Runner,1
Men Suddenly In Black,The Floating Landscape,1
Men Suddenly In Black,Twins Effect,1
Men Suddenly In Black,Kung Fu Hustle,1
Men Suddenly In Black,One Nite in Mongkok,1
Men Suddenly In Black,2046,1
Men Suddenly In Black,Dumplings,1
Men Suddenly In Black,Butterfly,1
Men Suddenly In Black,Election,1
Men Suddenly In Black,Perhaps Love,1
Men Suddenly In Black,Initial D,1
Men Suddenly In Black,2 Young,1
Men Suddenly In Black,Divergence,1
Men Suddenly In Black,After This Our Exile,1
Men Suddenly In Black,My Name Is Fame,2
Men Suddenly In Black,Curse of the Golden Flower,1
Men Suddenly In Black,The Banquet,1
Men Suddenly In Black,Confession of Pain,1
Men Suddenly In Black,A Battle of Wits,1
Men Suddenly In Black,The Warlords,1
Men Suddenly In Black,Mad Detective,0
Men Suddenly In Black,The Postmodern Life of My Aunt,2
Men Suddenly In Black,Prot¨¦g¨¦,1
Men Suddenly In Black,The Pye Dog,1
Men Suddenly In Black,Eye in the Sky,0
Men Suddenly In Black,Ip Man,1
Men Suddenly In Black,The Way We Are,1
Men Suddenly In Black,The Beast Stalker,0
Men Suddenly In Black,CJ7,1
Men Suddenly In Black,Painted Skin,1
Men Suddenly In Black,Connected,1
Men Suddenly In Black,Red Cliff,0
Men Suddenly In Black,Bodyguards and Assassins,1
Men Suddenly In Black,Echoes Of The Rainbow,1
Men Suddenly In Black,At The End Of Daybreak,1
Men Suddenly In Black,Accident,0
Men Suddenly In Black,Overheard,1
Naked Ambition,Star Runner,1
Naked Ambition,The Floating Landscape,1
Naked Ambition,Twins Effect,1
Naked Ambition,Kung Fu Hustle,1
Naked Ambition,One Nite in Mongkok,1
Naked Ambition,2046,1
Naked Ambition,Dumplings,1
Naked Ambition,Butterfly,1
Naked Ambition,Election,1
Naked Ambition,Perhaps Love,1
Naked Ambition,Initial D,1
Naked Ambition,2 Young,1
Naked Ambition,Divergence,1
Naked Ambition,After This Our Exile,1
Naked Ambition,My Name Is Fame,2
Naked Ambition,Curse of the Golden Flower,1
Naked Ambition,The Banquet,1
Naked Ambition,Confession of Pain,1
Naked Ambition,A Battle of Wits,1
Naked Ambition,The Warlords,1
Naked Ambition,Mad Detective,0
Naked Ambition,The Postmodern Life of My Aunt,2
Naked Ambition,Prot¨¦g¨¦,1
Naked Ambition,The Pye Dog,1
Naked Ambition,Eye in the Sky,0
Naked Ambition,Ip Man,1
Naked Ambition,The Way We Are,1
Naked Ambition,The Beast Stalker,0
Naked Ambition,CJ7,1
Naked Ambition,Painted Skin,1
Naked Ambition,Connected,1
Naked Ambition,Red Cliff,0
Naked Ambition,Bodyguards and Assassins,1
Naked Ambition,Echoes Of The Rainbow,1
Naked Ambition,At The End Of Daybreak,1
Naked Ambition,Accident,0
Naked Ambition,Overheard,1
Star Runner,The Floating Landscape,2
Star Runner,Twins Effect,1
Star Runner,Kung Fu Hustle,1
Star Runner,One Nite in Mongkok,3
Star Runner,2046,2
Star Runner,Dumplings,1
Star Runner,Butterfly,2
Star Runner,Election,1
Star Runner,Perhaps Love,2
Star Runner,Initial D,2
Star Runner,2 Young,2
Star Runner,Divergence,2
Star Runner,After This Our Exile,1
Star Runner,My Name Is Fame,1
Star Runner,Curse of the Golden Flower,3
Star Runner,The Banquet,2
Star Runner,Confession of Pain,1
Star Runner,A Battle of Wits,2
Star Runner,The Warlords,2
Star Runner,Mad Detective,1
Star Runner,The Postmodern Life of My Aunt,2
Star Runner,Prot¨¦g¨¦,1
Star Runner,The Pye Dog,1
Star Runner,Eye in the Sky,0
Star Runner,Ip Man,2
Star Runner,The Way We Are,1
Star Runner,The Beast Stalker,1
Star Runner,CJ7,0
Star Runner,Painted Skin,2
Star Runner,Connected,2
Star Runner,Red Cliff,1
Star Runner,Bodyguards and Assassins,2
Star Runner,Echoes Of The Rainbow,1
Star Runner,At The End Of Daybreak,1
Star Runner,Accident,0
Star Runner,Overheard,2
The Floating Landscape,Twins Effect,0
The Floating Landscape,Kung Fu Hustle,0
The Floating Landscape,One Nite in Mongkok,2
The Floating Landscape,2046,2
The Floating Landscape,Dumplings,1
The Floating Landscape,Butterfly,2
The Floating Landscape,Election,1
The Floating Landscape,Perhaps Love,2
The Floating Landscape,Initial D,1
The Floating Landscape,2 Young,2
The Floating Landscape,Divergence,1
The Floating Landscape,After This Our Exile,1
The Floating Landscape,My Name Is Fame,1
The Floating Landscape,Curse of the Golden Flower,2
The Floating Landscape,The Banquet,1
The Floating Landscape,Confession of Pain,1
The Floating Landscape,A Battle of Wits,1
The Floating Landscape,The Warlords,1
The Floating Landscape,Mad Detective,0
The Floating Landscape,The Postmodern Life of My Aunt,2
The Floating Landscape,Prot¨¦g¨¦,1
The Floating Landscape,The Pye Dog,1
The Floating Landscape,Eye in the Sky,0
The Floating Landscape,Ip Man,1
The Floating Landscape,The Way We Are,1
The Floating Landscape,The Beast Stalker,0
The Floating Landscape,CJ7,0
The Floating Landscape,Painted Skin,2
The Floating Landscape,Connected,1
The Floating Landscape,Red Cliff,0
The Floating Landscape,Bodyguards and Assassins,1
The Floating Landscape,Echoes Of The Rainbow,1
The Floating Landscape,At The End Of Daybreak,1
The Floating Landscape,Accident,0
The Floating Landscape,Overheard,1
Twins Effect,Kung Fu Hustle,2
Twins Effect,One Nite in Mongkok,1
Twins Effect,2046,0
Twins Effect,Dumplings,1
Twins Effect,Butterfly,0
Twins Effect,Election,1
Twins Effect,Perhaps Love,0
Twins Effect,Initial D,1
Twins Effect,2 Young,0
Twins Effect,Divergence,1
Twins Effect,After This Our Exile,0
Twins Effect,My Name Is Fame,1
Twins Effect,Curse of the Golden Flower,1
Twins Effect,The Banquet,1
Twins Effect,Confession of Pain,1
Twins Effect,A Battle of Wits,1
Twins Effect,The Warlords,1
Twins Effect,Mad Detective,2
Twins Effect,The Postmodern Life of My Aunt,1
Twins Effect,Prot¨¦g¨¦,1
Twins Effect,The Pye Dog,0
Twins Effect,Eye in the Sky,1
Twins Effect,Ip Man,1
Twins Effect,The Way We Are,0
Twins Effect,The Beast Stalker,2
Twins Effect,CJ7,1
Twins Effect,Painted Skin,1
Twins Effect,Connected,1
Twins Effect,Red Cliff,1
Twins Effect,Bodyguards and Assassins,1
Twins Effect,Echoes Of The Rainbow,0
Twins Effect,At The End Of Daybreak,1
Twins Effect,Accident,1
Twins Effect,Overheard,2
Kung Fu Hustle,One Nite in Mongkok,2
Kung Fu Hustle,2046,1
Kung Fu Hustle,Dumplings,0
Kung Fu Hustle,Butterfly,0
Kung Fu Hustle,Election,1
Kung Fu Hustle,Perhaps Love,0
Kung Fu Hustle,Initial D,1
Kung Fu Hustle,2 Young,0
Kung Fu Hustle,Divergence,2
Kung Fu Hustle,After This Our Exile,0
Kung Fu Hustle,My Name Is Fame,1
Kung Fu Hustle,Curse of the Golden Flower,1
Kung Fu Hustle,The Banquet,1
Kung Fu Hustle,Confession of Pain,1
Kung Fu Hustle,A Battle of Wits,1
Kung Fu Hustle,The Warlords,1
Kung Fu Hustle,Mad Detective,1
Kung Fu Hustle,The Postmodern Life of My Aunt,1
Kung Fu Hustle,Prot¨¦g¨¦,1
Kung Fu Hustle,The Pye Dog,0
Kung Fu Hustle,Eye in the Sky,1
Kung Fu Hustle,Ip Man,1
Kung Fu Hustle,The Way We Are,0
Kung Fu Hustle,The Beast Stalker,1
Kung Fu Hustle,CJ7,2
Kung Fu Hustle,Painted Skin,1
Kung Fu Hustle,Connected,1
Kung Fu Hustle,Red Cliff,1
Kung Fu Hustle,Bodyguards and Assassins,1
Kung Fu Hustle,Echoes Of The Rainbow,0
Kung Fu Hustle,At The End Of Daybreak,1
Kung Fu Hustle,Accident,0
Kung Fu Hustle,Overheard,1
One Nite in Mongkok,2046,2
One Nite in Mongkok,Dumplings,1
One Nite in Mongkok,Butterfly,2
One Nite in Mongkok,Election,2
One Nite in Mongkok,Perhaps Love,2
One Nite in Mongkok,Initial D,2
One Nite in Mongkok,2 Young,2
One Nite in Mongkok,Divergence,3
One Nite in Mongkok,After This Our Exile,1
One Nite in Mongkok,My Name Is Fame,1
One Nite in Mongkok,Curse of the Golden Flower,3
One Nite in Mongkok,The Banquet,2
One Nite in Mongkok,Confession of Pain,2
One Nite in Mongkok,A Battle of Wits,2
One Nite in Mongkok,The Warlords,2
One Nite in Mongkok,Mad Detective,1
One Nite in Mongkok,The Postmodern Life of My Aunt,2
One Nite in Mongkok,Prot¨¦g¨¦,2
One Nite in Mongkok,The Pye Dog,1
One Nite in Mongkok,Eye in the Sky,1
One Nite in Mongkok,Ip Man,2
One Nite in Mongkok,The Way We Are,1
One Nite in Mongkok,The Beast Stalker,1
One Nite in Mongkok,CJ7,0
One Nite in Mongkok,Painted Skin,2
One Nite in Mongkok,Connected,2
One Nite in Mongkok,Red Cliff,1
One Nite in Mongkok,Bodyguards and Assassins,2
One Nite in Mongkok,Echoes Of The Rainbow,1
One Nite in Mongkok,At The End Of Daybreak,2
One Nite in Mongkok,Accident,0
One Nite in Mongkok,Overheard,2
2046,Dumplings,1
2046,Butterfly,2
2046,Election,1
2046,Perhaps Love,2
2046,Initial D,1
2046,2 Young,2
2046,Divergence,1
2046,After This Our Exile,1
2046,My Name Is Fame,1
2046,Curse of the Golden Flower,2
2046,The Banquet,1
2046,Confession of Pain,1
2046,A Battle of Wits,1
2046,The Warlords,1
2046,Mad Detective,0
2046,The Postmodern Life of My Aunt,2
2046,Prot¨¦g¨¦,1
2046,The Pye Dog,1
2046,Eye in the Sky,0
2046,Ip Man,1
2046,The Way We Are,1
2046,The Beast Stalker,0
2046,CJ7,1
2046,Painted Skin,3
2046,Connected,1
2046,Red Cliff,0
2046,Bodyguards and Assassins,1
2046,Echoes Of The Rainbow,1
2046,At The End Of Daybreak,1
2046,Accident,0
2046,Overheard,1
Dumplings,Butterfly,1
Dumplings,Election,2
Dumplings,Perhaps Love,1
Dumplings,Initial D,1
Dumplings,2 Young,1
Dumplings,Divergence,1
Dumplings,After This Our Exile,1
Dumplings,My Name Is Fame,1
Dumplings,Curse of the Golden Flower,1
Dumplings,The Banquet,1
Dumplings,Confession of Pain,2
Dumplings,A Battle of Wits,1
Dumplings,The Warlords,1
Dumplings,Mad Detective,1
Dumplings,The Postmodern Life of My Aunt,1
Dumplings,Prot¨¦g¨¦,2
Dumplings,The Pye Dog,1
Dumplings,Eye in the Sky,1
Dumplings,Ip Man,1
Dumplings,The Way We Are,1
Dumplings,The Beast Stalker,1
Dumplings,CJ7,0
Dumplings,Painted Skin,2
Dumplings,Connected,1
Dumplings,Red Cliff,0
Dumplings,Bodyguards and Assassins,1
Dumplings,Echoes Of The Rainbow,1
Dumplings,At The End Of Daybreak,2
Dumplings,Accident,1
Dumplings,Overheard,2
Butterfly,Election,1
Butterfly,Perhaps Love,2
Butterfly,Initial D,1
Butterfly,2 Young,2
Butterfly,Divergence,1
Butterfly,After This Our Exile,1
Butterfly,My Name Is Fame,1
Butterfly,Curse of the Golden Flower,2
Butterfly,The Banquet,1
Butterfly,Confession of Pain,1
Butterfly,A Battle of Wits,1
Butterfly,The Warlords,1
Butterfly,Mad Detective,0
Butterfly,The Postmodern Life of My Aunt,2
Butterfly,Prot¨¦g¨¦,1
Butterfly,The Pye Dog,1
Butterfly,Eye in the Sky,0
Butterfly,Ip Man,1
Butterfly,The Way We Are,1
Butterfly,The Beast Stalker,0
Butterfly,CJ7,0
Butterfly,Painted Skin,2
Butterfly,Connected,1
Butterfly,Red Cliff,0
Butterfly,Bodyguards and Assassins,1
Butterfly,Echoes Of The Rainbow,1
Butterfly,At The End Of Daybreak,1
Butterfly,Accident,0
Butterfly,Overheard,1
Election,Perhaps Love,1
Election,Initial D,1
Election,2 Young,1
Election,Divergence,2
Election,After This Our Exile,1
Election,My Name Is Fame,1
Election,Curse of the Golden Flower,1
Election,The Banquet,1
Election,Confession of Pain,3
Election,A Battle of Wits,1
Election,The Warlords,1
Election,Mad Detective,1
Election,The Postmodern Life of My Aunt,1
Election,Prot¨¦g¨¦,3
Election,The Pye Dog,1
Election,Eye in the Sky,2
Election,Ip Man,1
Election,The Way We Are,1
Election,The Beast Stalker,1
Election,CJ7,0
Election,Painted Skin,2
Election,Connected,1
Election,Red Cliff,0
Election,Bodyguards and Assassins,1
Election,Echoes Of The Rainbow,1
Election,At The End Of Daybreak,3
Election,Accident,1
Election,Overheard,2
Perhaps Love,Initial D,1
Perhaps Love,2 Young,2
Perhaps Love,Divergence,1
Perhaps Love,After This Our Exile,1
Perhaps Love,My Name Is Fame,1
Perhaps Love,Curse of the Golden Flower,2
Perhaps Love,The Banquet,1
Perhaps Love,Confession of Pain,1
Perhaps Love,A Battle of Wits,1
Perhaps Love,The Warlords,1
Perhaps Love,Mad Detective,0
Perhaps Love,The Postmodern Life of My Aunt,2
Perhaps Love,Prot¨¦g¨¦,1
Perhaps Love,The Pye Dog,1
Perhaps Love,Eye in the Sky,0
Perhaps Love,Ip Man,1
Perhaps Love,The Way We Are,1
Perhaps Love,The Beast Stalker,0
Perhaps Love,CJ7,0
Perhaps Love,Painted Skin,2
Perhaps Love,Connected,1
Perhaps Love,Red Cliff,0
Perhaps Love,Bodyguards and Assassins,1
Perhaps Love,Echoes Of The Rainbow,1
Perhaps Love,At The End Of Daybreak,1
Perhaps Love,Accident,0
Perhaps Love,Overheard,1
Initial D,2 Young,1
Initial D,Divergence,2
Initial D,After This Our Exile,1
Initial D,My Name Is Fame,1
Initial D,Curse of the Golden Flower,2
Initial D,The Banquet,2
Initial D,Confession of Pain,1
Initial D,A Battle of Wits,2
Initial D,The Warlords,2
Initial D,Mad Detective,1
Initial D,The Postmodern Life of My Aunt,1
Initial D,Prot¨¦g¨¦,1
Initial D,The Pye Dog,1
Initial D,Eye in the Sky,0
Initial D,Ip Man,2
Initial D,The Way We Are,1
Initial D,The Beast Stalker,1
Initial D,CJ7,0
Initial D,Painted Skin,1
Initial D,Connected,2
Initial D,Red Cliff,1
Initial D,Bodyguards and Assassins,2
Initial D,Echoes Of The Rainbow,1
Initial D,At The End Of Daybreak,1
Initial D,Accident,0
Initial D,Overheard,2
2 Young,Divergence,1
2 Young,After This Our Exile,1
2 Young,My Name Is Fame,1
2 Young,Curse of the Golden Flower,2
2 Young,The Banquet,1
2 Young,Confession of Pain,1
2 Young,A Battle of Wits,1
2 Young,The Warlords,1
2 Young,Mad Detective,0
2 Young,The Postmodern Life of My Aunt,2
2 Young,Prot¨¦g¨¦,1
2 Young,The Pye Dog,1
2 Young,Eye in the Sky,0
2 Young,Ip Man,1
2 Young,The Way We Are,1
2 Young,The Beast Stalker,0
2 Young,CJ7,0
2 Young,Painted Skin,2
2 Young,Connected,1
2 Young,Red Cliff,0
2 Young,Bodyguards and Assassins,1
2 Young,Echoes Of The Rainbow,1
2 Young,At The End Of Daybreak,1
2 Young,Accident,0
2 Young,Overheard,1
Divergence,After This Our Exile,1
Divergence,My Name Is Fame,1
Divergence,Curse of the Golden Flower,2
Divergence,The Banquet,2
Divergence,Confession of Pain,2
Divergence,A Battle of Wits,2
Divergence,The Warlords,2
Divergence,Mad Detective,1
Divergence,The Postmodern Life of My Aunt,1
Divergence,Prot¨¦g¨¦,2
Divergence,The Pye Dog,1
Divergence,Eye in the Sky,1
Divergence,Ip Man,2
Divergence,The Way We Are,1
Divergence,The Beast Stalker,1
Divergence,CJ7,0
Divergence,Painted Skin,1
Divergence,Connected,2
Divergence,Red Cliff,1
Divergence,Bodyguards and Assassins,2
Divergence,Echoes Of The Rainbow,1
Divergence,At The End Of Daybreak,2
Divergence,Accident,0
Divergence,Overheard,2
After This Our Exile,My Name Is Fame,1
After This Our Exile,Curse of the Golden Flower,1
After This Our Exile,The Banquet,1
After This Our Exile,Confession of Pain,1
After This Our Exile,A Battle of Wits,1
After This Our Exile,The Warlords,1
After This Our Exile,Mad Detective,0
After This Our Exile,The Postmodern Life of My Aunt,1
After This Our Exile,Prot¨¦g¨¦,1
After This Our Exile,The Pye Dog,1
After This Our Exile,Eye in the Sky,0
After This Our Exile,Ip Man,1
After This Our Exile,The Way We Are,2
After This Our Exile,The Beast Stalker,0
After This Our Exile,CJ7,0
After This Our Exile,Painted Skin,1
After This Our Exile,Connected,1
After This Our Exile,Red Cliff,0
After This Our Exile,Bodyguards and Assassins,1
After This Our Exile,Echoes Of The Rainbow,2
After This Our Exile,At The End Of Daybreak,2
After This Our Exile,Accident,0
After This Our Exile,Overheard,1
My Name Is Fame,Curse of the Golden Flower,1
My Name Is Fame,The Banquet,1
My Name Is Fame,Confession of Pain,1
My Name Is Fame,A Battle of Wits,1
My Name Is Fame,The Warlords,1
My Name Is Fame,Mad Detective,0
My Name Is Fame,The Postmodern Life of My Aunt,2
My Name Is Fame,Prot¨¦g¨¦,1
My Name Is Fame,The Pye Dog,1
My Name Is Fame,Eye in the Sky,0
My Name Is Fame,Ip Man,1
My Name Is Fame,The Way We Are,1
My Name Is Fame,The Beast Stalker,0
My Name Is Fame,CJ7,1
My Name Is Fame,Painted Skin,1
My Name Is Fame,Connected,1
My Name Is Fame,Red Cliff,0
My Name Is Fame,Bodyguards and Assassins,1
My Name Is Fame,Echoes Of The Rainbow,1
My Name Is Fame,At The End Of Daybreak,1
My Name Is Fame,Accident,0
My Name Is Fame,Overheard,1
Curse of the Golden Flower,The Banquet,3
Curse of the Golden Flower,Confession of Pain,1
Curse of the Golden Flower,A Battle of Wits,2
Curse of the Golden Flower,The Warlords,3
Curse of the Golden Flower,Mad Detective,1
Curse of the Golden Flower,The Postmodern Life of My Aunt,2
Curse of the Golden Flower,Prot¨¦g¨¦,1
Curse of the Golden Flower,The Pye Dog,1
Curse of the Golden Flower,Eye in the Sky,0
Curse of the Golden Flower,Ip Man,2
Curse of the Golden Flower,The Way We Are,1
Curse of the Golden Flower,The Beast Stalker,1
Curse of the Golden Flower,CJ7,0
Curse of the Golden Flower,Painted Skin,2
Curse of the Golden Flower,Connected,2
Curse of the Golden Flower,Red Cliff,2
Curse of the Golden Flower,Bodyguards and Assassins,2
Curse of the Golden Flower,Echoes Of The Rainbow,1
Curse of the Golden Flower,At The End Of Daybreak,1
Curse of the Golden Flower,Accident,0
Curse of the Golden Flower,Overheard,2
The Banquet,Confession of Pain,1
The Banquet,A Battle of Wits,2
The Banquet,The Warlords,3
The Banquet,Mad Detective,1
The Banquet,The Postmodern Life of My Aunt,1
The Banquet,Prot¨¦g¨¦,1
The Banquet,The Pye Dog,1
The Banquet,Eye in the Sky,0
The Banquet,Ip Man,2
The Banquet,The Way We Are,1
The Banquet,The Beast Stalker,1
The Banquet,CJ7,0
The Banquet,Painted Skin,1
The Banquet,Connected,2
The Banquet,Red Cliff,2
The Banquet,Bodyguards and Assassins,2
The Banquet,Echoes Of The Rainbow,1
The Banquet,At The End Of Daybreak,1
The Banquet,Accident,0
The Banquet,Overheard,2
Confession of Pain,A Battle of Wits,1
Confession of Pain,The Warlords,1
Confession of Pain,Mad Detective,1
Confession of Pain,The Postmodern Life of My Aunt,1
Confession of Pain,Prot¨¦g¨¦,3
Confession of Pain,The Pye Dog,1
Confession of Pain,Eye in the Sky,2
Confession of Pain,Ip Man,1
Confession of Pain,The Way We Are,1
Confession of Pain,The Beast Stalker,1
Confession of Pain,CJ7,0
Confession of Pain,Painted Skin,2
Confession of Pain,Connected,1
Confession of Pain,Red Cliff,0
Confession of Pain,Bodyguards and Assassins,1
Confession of Pain,Echoes Of The Rainbow,1
Confession of Pain,At The End Of Daybreak,3
Confession of Pain,Accident,1
Confession of Pain,Overheard,2
A Battle of Wits,The Warlords,3
A Battle of Wits,Mad Detective,1
A Battle of Wits,The Postmodern Life of My Aunt,1
A Battle of Wits,Prot¨¦g¨¦,1
A Battle of Wits,The Pye Dog,1
A Battle of Wits,Eye in the Sky,0
A Battle of Wits,Ip Man,2
A Battle of Wits,The Way We Are,1
A Battle of Wits,The Beast Stalker,1
A Battle of Wits,CJ7,0
A Battle of Wits,Painted Skin,1
A Battle of Wits,Connected,2
A Battle of Wits,Red Cliff,2
A Battle of Wits,Bodyguards and Assassins,2
A Battle of Wits,Echoes Of The Rainbow,1
A Battle of Wits,At The End Of Daybreak,1
A Battle of Wits,Accident,0
A Battle of Wits,Overheard,2
The Warlords,Mad Detective,1
The Warlords,The Postmodern Life of My Aunt,1
The Warlords,Prot¨¦g¨¦,1
The Warlords,The Pye Dog,1
The Warlords,Eye in the Sky,0
The Warlords,Ip Man,2
The Warlords,The Way We Are,1
The Warlords,The Beast Stalker,1
The Warlords,CJ7,0
The Warlords,Painted Skin,1
The Warlords,Connected,2
The Warlords,Red Cliff,3
The Warlords,Bodyguards and Assassins,2
The Warlords,Echoes Of The Rainbow,1
The Warlords,At The End Of Daybreak,1
The Warlords,Accident,0
The Warlords,Overheard,2
Mad Detective,The Postmodern Life of My Aunt,0
Mad Detective,Prot¨¦g¨¦,1
Mad Detective,The Pye Dog,0
Mad Detective,Eye in the Sky,1
Mad Detective,Ip Man,1
Mad Detective,The Way We Are,0
Mad Detective,The Beast Stalker,2
Mad Detective,CJ7,0
Mad Detective,Painted Skin,1
Mad Detective,Connected,1
Mad Detective,Red Cliff,1
Mad Detective,Bodyguards and Assassins,1
Mad Detective,Echoes Of The Rainbow,0
Mad Detective,At The End Of Daybreak,1
Mad Detective,Accident,1
Mad Detective,Overheard,2
The Postmodern Life of My Aunt,Prot¨¦g¨¦,1
The Postmodern Life of My Aunt,The Pye Dog,1
The Postmodern Life of My Aunt,Eye in the Sky,0
The Postmodern Life of My Aunt,Ip Man,1
The Postmodern Life of My Aunt,The Way We Are,1
The Postmodern Life of My Aunt,The Beast Stalker,0
The Postmodern Life of My Aunt,CJ7,1
The Postmodern Life of My Aunt,Painted Skin,2
The Postmodern Life of My Aunt,Connected,1
The Postmodern Life of My Aunt,Red Cliff,0
The Postmodern Life of My Aunt,Bodyguards and Assassins,1
The Postmodern Life of My Aunt,Echoes Of The Rainbow,1
The Postmodern Life of My Aunt,At The End Of Daybreak,1
The Postmodern Life of My Aunt,Accident,0
The Postmodern Life of My Aunt,Overheard,1
Prot¨¦g¨¦,The Pye Dog,1
Prot¨¦g¨¦,Eye in the Sky,2
Prot¨¦g¨¦,Ip Man,1
Prot¨¦g¨¦,The Way We Are,1
Prot¨¦g¨¦,The Beast Stalker,1
Prot¨¦g¨¦,CJ7,0
Prot¨¦g¨¦,Painted Skin,2
Prot¨¦g¨¦,Connected,1
Prot¨¦g¨¦,Red Cliff,0
Prot¨¦g¨¦,Bodyguards and Assassins,1
Prot¨¦g¨¦,Echoes Of The Rainbow,1
Prot¨¦g¨¦,At The End Of Daybreak,3
Prot¨¦g¨¦,Accident,1
Prot¨¦g¨¦,Overheard,2
The Pye Dog,Eye in the Sky,0
The Pye Dog,Ip Man,1
The Pye Dog,The Way We Are,1
The Pye Dog,The Beast Stalker,0
The Pye Dog,CJ7,0
The Pye Dog,Painted Skin,1
The Pye Dog,Connected,1
The Pye Dog,Red Cliff,0
The Pye Dog,Bodyguards and Assassins,1
The Pye Dog,Echoes Of The Rainbow,1
The Pye Dog,At The End Of Daybreak,1
The Pye Dog,Accident,0
The Pye Dog,Overheard,1
Eye in the Sky,Ip Man,0
Eye in the Sky,The Way We Are,0
Eye in the Sky,The Beast Stalker,1
Eye in the Sky,CJ7,0
Eye in the Sky,Painted Skin,1
Eye in the Sky,Connected,0
Eye in the Sky,Red Cliff,0
Eye in the Sky,Bodyguards and Assassins,0
Eye in the Sky,Echoes Of The Rainbow,0
Eye in the Sky,At The End Of Daybreak,2
Eye in the Sky,Accident,1
Eye in the Sky,Overheard,1
Ip Man,The Way We Are,1
Ip Man,The Beast Stalker,1
Ip Man,CJ7,0
Ip Man,Painted Skin,1
Ip Man,Connected,2
Ip Man,Red Cliff,2
Ip Man,Bodyguards and Assassins,3
Ip Man,Echoes Of The Rainbow,1
Ip Man,At The End Of Daybreak,1
Ip Man,Accident,0
Ip Man,Overheard,2
The Way We Are,The Beast Stalker,0
The Way We Are,CJ7,0
The Way We Are,Painted Skin,1
The Way We Are,Connected,1
The Way We Are,Red Cliff,0
The Way We Are,Bodyguards and Assassins,1
The Way We Are,Echoes Of The Rainbow,2
The Way We Are,At The End Of Daybreak,2
The Way We Are,Accident,0
The Way We Are,Overheard,1
The Beast Stalker,CJ7,0
The Beast Stalker,Painted Skin,1
The Beast Stalker,Connected,1
The Beast Stalker,Red Cliff,1
The Beast Stalker,Bodyguards and Assassins,1
The Beast Stalker,Echoes Of The Rainbow,0
The Beast Stalker,At The End Of Daybreak,1
The Beast Stalker,Accident,1
The Beast Stalker,Overheard,2
CJ7,Painted Skin,1
CJ7,Connected,0
CJ7,Red Cliff,0
CJ7,Bodyguards and Assassins,0
CJ7,Echoes Of The Rainbow,0
CJ7,At The End Of Daybreak,0
CJ7,Accident,0
CJ7,Overheard,0
Painted Skin,Connected,1
Painted Skin,Red Cliff,0
Painted Skin,Bodyguards and Assassins,1
Painted Skin,Echoes Of The Rainbow,1
Painted Skin,At The End Of Daybreak,2
Painted Skin,Accident,1
Painted Skin,Overheard,2
Connected,Red Cliff,1
Connected,Bodyguards and Assassins,2
Connected,Echoes Of The Rainbow,1
Connected,At The End Of Daybreak,1
Connected,Accident,0
Connected,Overheard,2
Red Cliff,Bodyguards and Assassins,2
Red Cliff,Echoes Of The Rainbow,0
Red Cliff,At The End Of Daybreak,0
Red Cliff,Accident,0
Red Cliff,Overheard,1
Bodyguards and Assassins,Echoes Of The Rainbow,1
Bodyguards and Assassins,At The End Of Daybreak,1
Bodyguards and Assassins,Accident,0
Bodyguards and Assassins,Overheard,2
Echoes Of The Rainbow,At The End Of Daybreak,2
Echoes Of The Rainbow,Accident,0
Echoes Of The Rainbow,Overheard,1
At The End Of Daybreak,Accident,1
At The End Of Daybreak,Overheard,2
Accident,Overheard,1
