source,target,weight
Gladiator,Traffic,1
Gladiator,Erin Brockovich,1
Gladiator,Pollock,1
Gladiator,"Crouching Tiger, Hidden Dragon",3
Gladiator,Wonder Boys,1
Gladiator,Training Day,1
Gladiator,Iris,2
Gladiator,Monster's Ball,2
Gladiator,A Beautiful Mind,1
Gladiator,The Lord of the Rings: The Fellowship of the Ring,2
Gladiator,Black Hawk Down,1
Gladiator,The Pianist,1
Gladiator,The Hours,2
Gladiator,Road to Perdition,1
Gladiator,Nowhere in Africa,1
Gladiator,Frida,2
Gladiator,8 Mile,1
Gladiator,The Lord of the Rings: The Two Towers,2
Gladiator,Mystic River,1
Gladiator,Monster,1
Gladiator,Cold Mountain,2
Gladiator,The Lord of the Rings: The Return of the King,2
Gladiator,Master and Commander: The Far Side of the World,2
Gladiator,The Barbarian Invasions,2
Gladiator,Ray,1
Gladiator,Million Dollar Baby,1
Gladiator,The Aviator,1
Gladiator,The Incredibles,1
Gladiator,The Sea Inside,2
Gladiator,Spider-Man 2,2
Gladiator,Sideways,2
Gladiator,Capote,1
Gladiator,Syriana,1
Gladiator,Walk the Line,2
Gladiator,The Constant Gardener,2
Gladiator,Memoirs of a Geisha,2
Gladiator,Brokeback Mountain,2
Gladiator,Crash,1
Gladiator,Tsotsi,1
Gladiator,Hustle & Flow,1
Gladiator,King Kong,3
Gladiator,The Last King of Scotland,1
Gladiator,Little Miss Sunshine,1
Gladiator,The Queen,1
Gladiator,Dreamgirls,1
Gladiator,Happy Feet,1
Gladiator,Pan's Labyrinth,1
Gladiator,Marie Antoinette,2
Gladiator,The Departed,1
Gladiator,The Lives of Others,1
Gladiator,Pirates of the Caribbean: Dead Man's Chest,1
Gladiator,There Will Be Blood,1
Gladiator,No Country for Old Men,1
Gladiator,Michael Clayton,1
Gladiator,Elizabeth: The Golden Age,1
Gladiator,The Bourne Ultimatum,1
Gladiator,Once,2
Gladiator,Milk,1
Gladiator,The Dark Knight,2
Gladiator,The Reader,2
Gladiator,Vicky Cristina Barcelona,2
Gladiator,The Curious Case of Benjamin Button,2
Gladiator,Slumdog Millionaire,2
Gladiator,The Duchess,2
Gladiator,Crazy Heart,2
Gladiator,Inglourious Basterds,1
Gladiator,The Blind Side,1
Gladiator,Avatar,1
Gladiator,The Young Victoria,2
Gladiator,The Hurt Locker,1
Gladiator,The Secret in Their Eyes,1
Gladiator,Star Trek,1
Traffic,Erin Brockovich,1
Traffic,Pollock,1
Traffic,"Crouching Tiger, Hidden Dragon",1
Traffic,Wonder Boys,1
Traffic,Training Day,3
Traffic,Iris,1
Traffic,Monster's Ball,1
Traffic,A Beautiful Mind,1
Traffic,The Lord of the Rings: The Fellowship of the Ring,1
Traffic,Black Hawk Down,1
Traffic,The Pianist,1
Traffic,The Hours,1
Traffic,Chicago,1
Traffic,Road to Perdition,3
Traffic,Nowhere in Africa,1
Traffic,Frida,1
Traffic,8 Mile,1
Traffic,The Lord of the Rings: The Two Towers,1
Traffic,Mystic River,3
Traffic,Monster,3
Traffic,Cold Mountain,1
Traffic,The Lord of the Rings: The Return of the King,1
Traffic,Master and Commander: The Far Side of the World,1
Traffic,The Barbarian Invasions,2
Traffic,Ray,1
Traffic,Million Dollar Baby,1
Traffic,The Aviator,1
Traffic,The Sea Inside,1
Traffic,Sideways,1
Traffic,Capote,2
Traffic,Syriana,2
Traffic,Walk the Line,1
Traffic,The Constant Gardener,2
Traffic,Memoirs of a Geisha,1
Traffic,Brokeback Mountain,1
Traffic,Crash,3
Traffic,Tsotsi,2
Traffic,Hustle & Flow,2
Traffic,King Kong,1
Traffic,The Last King of Scotland,2
Traffic,Little Miss Sunshine,1
Traffic,The Queen,1
Traffic,Dreamgirls,1
Traffic,Pan's Labyrinth,1
Traffic,Marie Antoinette,1
Traffic,The Departed,3
Traffic,The Lives of Others,2
Traffic,There Will Be Blood,1
Traffic,No Country for Old Men,3
Traffic,Michael Clayton,3
Traffic,Elizabeth: The Golden Age,1
Traffic,The Bourne Ultimatum,1
Traffic,Once,1
Traffic,Milk,1
Traffic,The Dark Knight,3
Traffic,The Reader,1
Traffic,Vicky Cristina Barcelona,1
Traffic,The Curious Case of Benjamin Button,1
Traffic,Slumdog Millionaire,1
Traffic,The Duchess,1
Traffic,Crazy Heart,1
Traffic,Inglourious Basterds,1
Traffic,The Blind Side,1
Traffic,The Young Victoria,1
Traffic,The Hurt Locker,2
Traffic,The Secret in Their Eyes,2
Erin Brockovich,Pollock,2
Erin Brockovich,"Crouching Tiger, Hidden Dragon",1
Erin Brockovich,Wonder Boys,1
Erin Brockovich,Training Day,1
Erin Brockovich,Iris,2
Erin Brockovich,Monster's Ball,1
Erin Brockovich,A Beautiful Mind,2
Erin Brockovich,The Lord of the Rings: The Fellowship of the Ring,1
Erin Brockovich,Black Hawk Down,1
Erin Brockovich,The Pianist,2
Erin Brockovich,The Hours,1
Erin Brockovich,Road to Perdition,1
Erin Brockovich,Nowhere in Africa,2
Erin Brockovich,Frida,2
Erin Brockovich,8 Mile,1
Erin Brockovich,The Lord of the Rings: The Two Towers,1
Erin Brockovich,Mystic River,1
Erin Brockovich,Monster,2
Erin Brockovich,Cold Mountain,1
Erin Brockovich,The Lord of the Rings: The Return of the King,1
Erin Brockovich,Master and Commander: The Far Side of the World,1
Erin Brockovich,The Barbarian Invasions,1
Erin Brockovich,Ray,2
Erin Brockovich,Million Dollar Baby,1
Erin Brockovich,The Aviator,2
Erin Brockovich,The Sea Inside,2
Erin Brockovich,Sideways,1
Erin Brockovich,Capote,2
Erin Brockovich,Syriana,1
Erin Brockovich,Walk the Line,2
Erin Brockovich,The Constant Gardener,1
Erin Brockovich,Memoirs of a Geisha,1
Erin Brockovich,Brokeback Mountain,1
Erin Brockovich,Crash,1
Erin Brockovich,Tsotsi,1
Erin Brockovich,Hustle & Flow,1
Erin Brockovich,King Kong,1
Erin Brockovich,The Last King of Scotland,2
Erin Brockovich,Little Miss Sunshine,1
Erin Brockovich,The Queen,2
Erin Brockovich,Dreamgirls,1
Erin Brockovich,Pan's Labyrinth,1
Erin Brockovich,Marie Antoinette,2
Erin Brockovich,The Departed,1
Erin Brockovich,The Lives of Others,1
Erin Brockovich,There Will Be Blood,1
Erin Brockovich,No Country for Old Men,1
Erin Brockovich,Michael Clayton,1
Erin Brockovich,Elizabeth: The Golden Age,2
Erin Brockovich,Once,1
Erin Brockovich,Milk,2
Erin Brockovich,The Dark Knight,1
Erin Brockovich,The Reader,1
Erin Brockovich,Vicky Cristina Barcelona,1
Erin Brockovich,The Curious Case of Benjamin Button,1
Erin Brockovich,Slumdog Millionaire,1
Erin Brockovich,The Duchess,2
Erin Brockovich,Crazy Heart,1
Erin Brockovich,Inglourious Basterds,1
Erin Brockovich,The Blind Side,2
Erin Brockovich,The Young Victoria,2
Erin Brockovich,The Hurt Locker,1
Erin Brockovich,The Secret in Their Eyes,1
Pollock,"Crouching Tiger, Hidden Dragon",1
Pollock,Wonder Boys,1
Pollock,Training Day,1
Pollock,Iris,2
Pollock,Monster's Ball,1
Pollock,A Beautiful Mind,2
Pollock,The Lord of the Rings: The Fellowship of the Ring,1
Pollock,Black Hawk Down,1
Pollock,The Pianist,2
Pollock,The Hours,1
Pollock,Road to Perdition,1
Pollock,Nowhere in Africa,2
Pollock,Frida,2
Pollock,8 Mile,1
Pollock,The Lord of the Rings: The Two Towers,1
Pollock,Mystic River,1
Pollock,Monster,2
Pollock,Cold Mountain,1
Pollock,The Lord of the Rings: The Return of the King,1
Pollock,Master and Commander: The Far Side of the World,1
Pollock,The Barbarian Invasions,1
Pollock,Ray,2
Pollock,Million Dollar Baby,1
Pollock,The Aviator,2
Pollock,The Sea Inside,2
Pollock,Sideways,1
Pollock,Capote,2
Pollock,Syriana,1
Pollock,Walk the Line,2
Pollock,The Constant Gardener,1
Pollock,Memoirs of a Geisha,1
Pollock,Brokeback Mountain,1
Pollock,Crash,1
Pollock,Tsotsi,1
Pollock,Hustle & Flow,1
Pollock,King Kong,1
Pollock,The Last King of Scotland,2
Pollock,Little Miss Sunshine,1
Pollock,The Queen,2
Pollock,Dreamgirls,1
Pollock,Pan's Labyrinth,1
Pollock,Marie Antoinette,2
Pollock,The Departed,1
Pollock,The Lives of Others,1
Pollock,There Will Be Blood,1
Pollock,No Country for Old Men,1
Pollock,Michael Clayton,1
Pollock,Elizabeth: The Golden Age,2
Pollock,Once,1
Pollock,Milk,2
Pollock,The Dark Knight,1
Pollock,The Reader,1
Pollock,Vicky Cristina Barcelona,1
Pollock,The Curious Case of Benjamin Button,1
Pollock,Slumdog Millionaire,1
Pollock,The Duchess,2
Pollock,Crazy Heart,1
Pollock,Inglourious Basterds,1
Pollock,The Blind Side,2
Pollock,The Young Victoria,2
Pollock,The Hurt Locker,1
Pollock,The Secret in Their Eyes,1
"Crouching Tiger, Hidden Dragon",Wonder Boys,1
"Crouching Tiger, Hidden Dragon",Training Day,1
"Crouching Tiger, Hidden Dragon",Iris,2
"Crouching Tiger, Hidden Dragon",Monster's Ball,2
"Crouching Tiger, Hidden Dragon",A Beautiful Mind,1
"Crouching Tiger, Hidden Dragon",The Lord of the Rings: The Fellowship of the Ring,2
"Crouching Tiger, Hidden Dragon",Black Hawk Down,1
"Crouching Tiger, Hidden Dragon",The Pianist,1
"Crouching Tiger, Hidden Dragon",The Hours,2
"Crouching Tiger, Hidden Dragon",Road to Perdition,1
"Crouching Tiger, Hidden Dragon",Nowhere in Africa,1
"Crouching Tiger, Hidden Dragon",Frida,2
"Crouching Tiger, Hidden Dragon",8 Mile,1
"Crouching Tiger, Hidden Dragon",The Lord of the Rings: The Two Towers,2
"Crouching Tiger, Hidden Dragon",Mystic River,1
"Crouching Tiger, Hidden Dragon",Monster,1
"Crouching Tiger, Hidden Dragon",Cold Mountain,2
"Crouching Tiger, Hidden Dragon",The Lord of the Rings: The Return of the King,2
"Crouching Tiger, Hidden Dragon",Master and Commander: The Far Side of the World,2
"Crouching Tiger, Hidden Dragon",The Barbarian Invasions,2
"Crouching Tiger, Hidden Dragon",Ray,1
"Crouching Tiger, Hidden Dragon",Million Dollar Baby,1
"Crouching Tiger, Hidden Dragon",The Aviator,1
"Crouching Tiger, Hidden Dragon",The Incredibles,1
"Crouching Tiger, Hidden Dragon",The Sea Inside,2
"Crouching Tiger, Hidden Dragon",Spider-Man 2,2
"Crouching Tiger, Hidden Dragon",Sideways,2
"Crouching Tiger, Hidden Dragon",Capote,1
"Crouching Tiger, Hidden Dragon",Syriana,1
"Crouching Tiger, Hidden Dragon",Walk the Line,2
"Crouching Tiger, Hidden Dragon",The Constant Gardener,2
"Crouching Tiger, Hidden Dragon",Memoirs of a Geisha,2
"Crouching Tiger, Hidden Dragon",Brokeback Mountain,2
"Crouching Tiger, Hidden Dragon",Crash,1
"Crouching Tiger, Hidden Dragon",Tsotsi,1
"Crouching Tiger, Hidden Dragon",Hustle & Flow,1
"Crouching Tiger, Hidden Dragon",King Kong,3
"Crouching Tiger, Hidden Dragon",The Last King of Scotland,1
"Crouching Tiger, Hidden Dragon",Little Miss Sunshine,1
"Crouching Tiger, Hidden Dragon",The Queen,1
"Crouching Tiger, Hidden Dragon",Dreamgirls,1
"Crouching Tiger, Hidden Dragon",Happy Feet,1
"Crouching Tiger, Hidden Dragon",Pan's Labyrinth,1
"Crouching Tiger, Hidden Dragon",Marie Antoinette,2
"Crouching Tiger, Hidden Dragon",The Departed,1
"Crouching Tiger, Hidden Dragon",The Lives of Others,1
"Crouching Tiger, Hidden Dragon",Pirates of the Caribbean: Dead Man's Chest,1
"Crouching Tiger, Hidden Dragon",There Will Be Blood,1
"Crouching Tiger, Hidden Dragon",No Country for Old Men,1
"Crouching Tiger, Hidden Dragon",Michael Clayton,1
"Crouching Tiger, Hidden Dragon",Elizabeth: The Golden Age,1
"Crouching Tiger, Hidden Dragon",The Bourne Ultimatum,1
"Crouching Tiger, Hidden Dragon",Once,2
"Crouching Tiger, Hidden Dragon",Milk,1
"Crouching Tiger, Hidden Dragon",The Dark Knight,2
"Crouching Tiger, Hidden Dragon",The Reader,2
"Crouching Tiger, Hidden Dragon",Vicky Cristina Barcelona,2
"Crouching Tiger, Hidden Dragon",The Curious Case of Benjamin Button,2
"Crouching Tiger, Hidden Dragon",Slumdog Millionaire,2
"Crouching Tiger, Hidden Dragon",The Duchess,2
"Crouching Tiger, Hidden Dragon",Crazy Heart,2
"Crouching Tiger, Hidden Dragon",Inglourious Basterds,1
"Crouching Tiger, Hidden Dragon",The Blind Side,1
"Crouching Tiger, Hidden Dragon",Avatar,1
"Crouching Tiger, Hidden Dragon",The Young Victoria,2
"Crouching Tiger, Hidden Dragon",The Hurt Locker,1
"Crouching Tiger, Hidden Dragon",The Secret in Their Eyes,1
"Crouching Tiger, Hidden Dragon",Star Trek,1
Wonder Boys,Training Day,1
Wonder Boys,Iris,1
Wonder Boys,Monster's Ball,1
Wonder Boys,A Beautiful Mind,1
Wonder Boys,Shrek,1
Wonder Boys,The Lord of the Rings: The Fellowship of the Ring,1
Wonder Boys,Black Hawk Down,1
Wonder Boys,"Monsters, Inc.",1
Wonder Boys,The Pianist,1
Wonder Boys,The Hours,1
Wonder Boys,Chicago,1
Wonder Boys,Road to Perdition,1
Wonder Boys,Nowhere in Africa,1
Wonder Boys,Frida,1
Wonder Boys,8 Mile,1
Wonder Boys,The Lord of the Rings: The Two Towers,1
Wonder Boys,Mystic River,1
Wonder Boys,Monster,1
Wonder Boys,Cold Mountain,1
Wonder Boys,Finding Nemo,1
Wonder Boys,The Lord of the Rings: The Return of the King,1
Wonder Boys,Master and Commander: The Far Side of the World,1
Wonder Boys,The Barbarian Invasions,2
Wonder Boys,Ray,1
Wonder Boys,Million Dollar Baby,1
Wonder Boys,The Aviator,1
Wonder Boys,The Sea Inside,1
Wonder Boys,Sideways,2
Wonder Boys,Capote,1
Wonder Boys,Syriana,1
Wonder Boys,Walk the Line,1
Wonder Boys,The Constant Gardener,1
Wonder Boys,Memoirs of a Geisha,1
Wonder Boys,Brokeback Mountain,1
Wonder Boys,Crash,1
Wonder Boys,Tsotsi,1
Wonder Boys,Hustle & Flow,1
Wonder Boys,King Kong,1
Wonder Boys,The Last King of Scotland,1
Wonder Boys,Little Miss Sunshine,2
Wonder Boys,The Queen,1
Wonder Boys,Dreamgirls,1
Wonder Boys,Happy Feet,1
Wonder Boys,Pan's Labyrinth,1
Wonder Boys,Marie Antoinette,1
Wonder Boys,The Departed,1
Wonder Boys,The Lives of Others,1
Wonder Boys,There Will Be Blood,1
Wonder Boys,No Country for Old Men,1
Wonder Boys,Michael Clayton,1
Wonder Boys,Ratatouille,1
Wonder Boys,Elizabeth: The Golden Age,1
Wonder Boys,Once,1
Wonder Boys,Milk,1
Wonder Boys,The Dark Knight,1
Wonder Boys,The Reader,1
Wonder Boys,Vicky Cristina Barcelona,1
Wonder Boys,The Curious Case of Benjamin Button,1
Wonder Boys,Slumdog Millionaire,1
Wonder Boys,The Duchess,1
Wonder Boys,Crazy Heart,1
Wonder Boys,Inglourious Basterds,1
Wonder Boys,The Blind Side,1
Wonder Boys,Up,1
Wonder Boys,The Young Victoria,1
Wonder Boys,The Hurt Locker,1
Wonder Boys,The Secret in Their Eyes,1
Training Day,Iris,1
Training Day,Monster's Ball,1
Training Day,A Beautiful Mind,1
Training Day,The Lord of the Rings: The Fellowship of the Ring,1
Training Day,Black Hawk Down,1
Training Day,The Pianist,1
Training Day,The Hours,1
Training Day,Chicago,1
Training Day,Road to Perdition,3
Training Day,Nowhere in Africa,1
Training Day,Frida,1
Training Day,8 Mile,1
Training Day,The Lord of the Rings: The Two Towers,1
Training Day,Mystic River,3
Training Day,Monster,3
Training Day,Cold Mountain,1
Training Day,The Lord of the Rings: The Return of the King,1
Training Day,Master and Commander: The Far Side of the World,1
Training Day,The Barbarian Invasions,2
Training Day,Ray,1
Training Day,Million Dollar Baby,1
Training Day,The Aviator,1
Training Day,The Sea Inside,1
Training Day,Sideways,1
Training Day,Capote,2
Training Day,Syriana,2
Training Day,Walk the Line,1
Training Day,The Constant Gardener,2
Training Day,Memoirs of a Geisha,1
Training Day,Brokeback Mountain,1
Training Day,Crash,3
Training Day,Tsotsi,2
Training Day,Hustle & Flow,2
Training Day,King Kong,1
Training Day,The Last King of Scotland,2
Training Day,Little Miss Sunshine,1
Training Day,The Queen,1
Training Day,Dreamgirls,1
Training Day,Pan's Labyrinth,1
Training Day,Marie Antoinette,1
Training Day,The Departed,3
Training Day,The Lives of Others,2
Training Day,There Will Be Blood,1
Training Day,No Country for Old Men,3
Training Day,Michael Clayton,3
Training Day,Elizabeth: The Golden Age,1
Training Day,The Bourne Ultimatum,1
Training Day,Once,1
Training Day,Milk,1
Training Day,The Dark Knight,3
Training Day,The Reader,1
Training Day,Vicky Cristina Barcelona,1
Training Day,The Curious Case of Benjamin Button,1
Training Day,Slumdog Millionaire,1
Training Day,The Duchess,1
Training Day,Crazy Heart,1
Training Day,Inglourious Basterds,1
Training Day,The Blind Side,1
Training Day,The Young Victoria,1
Training Day,The Hurt Locker,2
Training Day,The Secret in Their Eyes,2
Iris,Monster's Ball,2
Iris,A Beautiful Mind,2
Iris,The Lord of the Rings: The Fellowship of the Ring,1
Iris,Black Hawk Down,1
Iris,The Pianist,2
Iris,The Hours,2
Iris,Road to Perdition,1
Iris,Nowhere in Africa,2
Iris,Frida,3
Iris,8 Mile,1
Iris,The Lord of the Rings: The Two Towers,1
Iris,Mystic River,1
Iris,Monster,2
Iris,Cold Mountain,2
Iris,The Lord of the Rings: The Return of the King,1
Iris,Master and Commander: The Far Side of the World,1
Iris,The Barbarian Invasions,2
Iris,Ray,2
Iris,Million Dollar Baby,1
Iris,The Aviator,2
Iris,The Sea Inside,3
Iris,Spider-Man 2,1
Iris,Sideways,2
Iris,Capote,2
Iris,Syriana,1
Iris,Walk the Line,3
Iris,The Constant Gardener,2
Iris,Memoirs of a Geisha,2
Iris,Brokeback Mountain,2
Iris,Crash,1
Iris,Tsotsi,1
Iris,Hustle & Flow,1
Iris,King Kong,2
Iris,The Last King of Scotland,2
Iris,Little Miss Sunshine,1
Iris,The Queen,2
Iris,Dreamgirls,1
Iris,Happy Feet,1
Iris,Pan's Labyrinth,1
Iris,Marie Antoinette,3
Iris,The Departed,1
Iris,The Lives of Others,1
Iris,There Will Be Blood,1
Iris,No Country for Old Men,1
Iris,Michael Clayton,1
Iris,Elizabeth: The Golden Age,2
Iris,Once,2
Iris,Milk,2
Iris,The Dark Knight,1
Iris,The Reader,2
Iris,Vicky Cristina Barcelona,2
Iris,The Curious Case of Benjamin Button,2
Iris,Slumdog Millionaire,2
Iris,The Duchess,3
Iris,Crazy Heart,2
Iris,Inglourious Basterds,1
Iris,The Blind Side,2
Iris,The Young Victoria,3
Iris,The Hurt Locker,1
Iris,The Secret in Their Eyes,1
Monster's Ball,A Beautiful Mind,1
Monster's Ball,The Lord of the Rings: The Fellowship of the Ring,1
Monster's Ball,Black Hawk Down,1
Monster's Ball,The Pianist,1
Monster's Ball,The Hours,2
Monster's Ball,Road to Perdition,1
Monster's Ball,Nowhere in Africa,1
Monster's Ball,Frida,2
Monster's Ball,8 Mile,1
Monster's Ball,The Lord of the Rings: The Two Towers,1
Monster's Ball,Mystic River,1
Monster's Ball,Monster,1
Monster's Ball,Cold Mountain,2
Monster's Ball,The Lord of the Rings: The Return of the King,1
Monster's Ball,Master and Commander: The Far Side of the World,1
Monster's Ball,The Barbarian Invasions,2
Monster's Ball,Ray,1
Monster's Ball,Million Dollar Baby,1
Monster's Ball,The Aviator,1
Monster's Ball,The Sea Inside,2
Monster's Ball,Spider-Man 2,1
Monster's Ball,Sideways,2
Monster's Ball,Capote,1
Monster's Ball,Syriana,1
Monster's Ball,Walk the Line,2
Monster's Ball,The Constant Gardener,2
Monster's Ball,Memoirs of a Geisha,2
Monster's Ball,Brokeback Mountain,2
Monster's Ball,Crash,1
Monster's Ball,Tsotsi,1
Monster's Ball,Hustle & Flow,1
Monster's Ball,King Kong,2
Monster's Ball,The Last King of Scotland,1
Monster's Ball,Little Miss Sunshine,1
Monster's Ball,The Queen,1
Monster's Ball,Dreamgirls,1
Monster's Ball,Happy Feet,1
Monster's Ball,Pan's Labyrinth,1
Monster's Ball,Marie Antoinette,2
Monster's Ball,The Departed,1
Monster's Ball,The Lives of Others,1
Monster's Ball,There Will Be Blood,1
Monster's Ball,No Country for Old Men,1
Monster's Ball,Michael Clayton,1
Monster's Ball,Elizabeth: The Golden Age,1
Monster's Ball,Once,2
Monster's Ball,Milk,1
Monster's Ball,The Dark Knight,1
Monster's Ball,The Reader,2
Monster's Ball,Vicky Cristina Barcelona,2
Monster's Ball,The Curious Case of Benjamin Button,2
Monster's Ball,Slumdog Millionaire,2
Monster's Ball,The Duchess,2
Monster's Ball,Crazy Heart,2
Monster's Ball,Inglourious Basterds,1
Monster's Ball,The Blind Side,1
Monster's Ball,The Young Victoria,2
Monster's Ball,The Hurt Locker,1
Monster's Ball,The Secret in Their Eyes,1
A Beautiful Mind,The Lord of the Rings: The Fellowship of the Ring,1
A Beautiful Mind,Black Hawk Down,1
A Beautiful Mind,The Pianist,2
A Beautiful Mind,The Hours,1
A Beautiful Mind,Road to Perdition,1
A Beautiful Mind,Nowhere in Africa,2
A Beautiful Mind,Frida,2
A Beautiful Mind,8 Mile,1
A Beautiful Mind,The Lord of the Rings: The Two Towers,1
A Beautiful Mind,Mystic River,1
A Beautiful Mind,Monster,2
A Beautiful Mind,Cold Mountain,1
A Beautiful Mind,The Lord of the Rings: The Return of the King,1
A Beautiful Mind,Master and Commander: The Far Side of the World,1
A Beautiful Mind,The Barbarian Invasions,1
A Beautiful Mind,Ray,2
A Beautiful Mind,Million Dollar Baby,1
A Beautiful Mind,The Aviator,2
A Beautiful Mind,The Sea Inside,2
A Beautiful Mind,Sideways,1
A Beautiful Mind,Capote,2
A Beautiful Mind,Syriana,1
A Beautiful Mind,Walk the Line,2
A Beautiful Mind,The Constant Gardener,1
A Beautiful Mind,Memoirs of a Geisha,1
A Beautiful Mind,Brokeback Mountain,1
A Beautiful Mind,Crash,1
A Beautiful Mind,Tsotsi,1
A Beautiful Mind,Hustle & Flow,1
A Beautiful Mind,King Kong,1
A Beautiful Mind,The Last King of Scotland,2
A Beautiful Mind,Little Miss Sunshine,1
A Beautiful Mind,The Queen,2
A Beautiful Mind,Dreamgirls,1
A Beautiful Mind,Pan's Labyrinth,1
A Beautiful Mind,Marie Antoinette,2
A Beautiful Mind,The Departed,1
A Beautiful Mind,The Lives of Others,1
A Beautiful Mind,There Will Be Blood,1
A Beautiful Mind,No Country for Old Men,1
A Beautiful Mind,Michael Clayton,1
A Beautiful Mind,Elizabeth: The Golden Age,2
A Beautiful Mind,Once,1
A Beautiful Mind,Milk,2
A Beautiful Mind,The Dark Knight,1
A Beautiful Mind,The Reader,1
A Beautiful Mind,Vicky Cristina Barcelona,1
A Beautiful Mind,The Curious Case of Benjamin Button,1
A Beautiful Mind,Slumdog Millionaire,1
A Beautiful Mind,The Duchess,2
A Beautiful Mind,Crazy Heart,1
A Beautiful Mind,Inglourious Basterds,1
A Beautiful Mind,The Blind Side,2
A Beautiful Mind,The Young Victoria,2
A Beautiful Mind,The Hurt Locker,1
A Beautiful Mind,The Secret in Their Eyes,1
Shrek,The Lord of the Rings: The Fellowship of the Ring,2
Shrek,"Monsters, Inc.",5
Shrek,Chicago,1
Shrek,Spirited Away,4
Shrek,The Lord of the Rings: The Two Towers,2
Shrek,Cold Mountain,1
Shrek,Finding Nemo,4
Shrek,The Lord of the Rings: The Return of the King,2
Shrek,Master and Commander: The Far Side of the World,1
Shrek,The Barbarian Invasions,1
Shrek,The Incredibles,3
Shrek,Spider-Man 2,2
Shrek,Sideways,2
Shrek,"The Chronicles of Narnia: The Lion, the Witch and the Wardrobe",3
Shrek,King Kong,1
Shrek,Little Miss Sunshine,1
Shrek,Happy Feet,3
Shrek,Pan's Labyrinth,1
Shrek,Pirates of the Caribbean: Dead Man's Chest,2
Shrek,Ratatouille,4
Shrek,The Golden Compass,3
Shrek,The Curious Case of Benjamin Button,1
Shrek,Inglourious Basterds,1
Shrek,Up,4
Shrek,Avatar,2
Shrek,Star Trek,1
The Lord of the Rings: The Fellowship of the Ring,Black Hawk Down,1
The Lord of the Rings: The Fellowship of the Ring,"Monsters, Inc.",2
The Lord of the Rings: The Fellowship of the Ring,The Pianist,1
The Lord of the Rings: The Fellowship of the Ring,The Hours,1
The Lord of the Rings: The Fellowship of the Ring,Spirited Away,2
The Lord of the Rings: The Fellowship of the Ring,Road to Perdition,1
The Lord of the Rings: The Fellowship of the Ring,Nowhere in Africa,1
The Lord of the Rings: The Fellowship of the Ring,Frida,1
The Lord of the Rings: The Fellowship of the Ring,8 Mile,1
The Lord of the Rings: The Fellowship of the Ring,The Lord of the Rings: The Two Towers,4
The Lord of the Rings: The Fellowship of the Ring,Mystic River,1
The Lord of the Rings: The Fellowship of the Ring,Monster,1
The Lord of the Rings: The Fellowship of the Ring,Cold Mountain,2
The Lord of the Rings: The Fellowship of the Ring,Finding Nemo,1
The Lord of the Rings: The Fellowship of the Ring,The Lord of the Rings: The Return of the King,4
The Lord of the Rings: The Fellowship of the Ring,Master and Commander: The Far Side of the World,3
The Lord of the Rings: The Fellowship of the Ring,The Barbarian Invasions,1
The Lord of the Rings: The Fellowship of the Ring,Ray,1
The Lord of the Rings: The Fellowship of the Ring,Million Dollar Baby,1
The Lord of the Rings: The Fellowship of the Ring,The Aviator,1
The Lord of the Rings: The Fellowship of the Ring,The Incredibles,2
The Lord of the Rings: The Fellowship of the Ring,The Sea Inside,1
The Lord of the Rings: The Fellowship of the Ring,Spider-Man 2,3
The Lord of the Rings: The Fellowship of the Ring,Sideways,2
The Lord of the Rings: The Fellowship of the Ring,Capote,1
The Lord of the Rings: The Fellowship of the Ring,Syriana,1
The Lord of the Rings: The Fellowship of the Ring,Walk the Line,1
The Lord of the Rings: The Fellowship of the Ring,The Constant Gardener,1
The Lord of the Rings: The Fellowship of the Ring,Memoirs of a Geisha,1
The Lord of the Rings: The Fellowship of the Ring,Brokeback Mountain,1
The Lord of the Rings: The Fellowship of the Ring,Crash,1
The Lord of the Rings: The Fellowship of the Ring,Tsotsi,1
The Lord of the Rings: The Fellowship of the Ring,"The Chronicles of Narnia: The Lion, the Witch and the Wardrobe",2
The Lord of the Rings: The Fellowship of the Ring,Hustle & Flow,1
The Lord of the Rings: The Fellowship of the Ring,King Kong,3
The Lord of the Rings: The Fellowship of the Ring,The Last King of Scotland,1
The Lord of the Rings: The Fellowship of the Ring,Little Miss Sunshine,1
The Lord of the Rings: The Fellowship of the Ring,The Queen,1
The Lord of the Rings: The Fellowship of the Ring,Dreamgirls,1
The Lord of the Rings: The Fellowship of the Ring,Pan's Labyrinth,2
The Lord of the Rings: The Fellowship of the Ring,Marie Antoinette,1
The Lord of the Rings: The Fellowship of the Ring,The Departed,1
The Lord of the Rings: The Fellowship of the Ring,The Lives of Others,1
The Lord of the Rings: The Fellowship of the Ring,Pirates of the Caribbean: Dead Man's Chest,3
The Lord of the Rings: The Fellowship of the Ring,There Will Be Blood,1
The Lord of the Rings: The Fellowship of the Ring,No Country for Old Men,1
The Lord of the Rings: The Fellowship of the Ring,Michael Clayton,1
The Lord of the Rings: The Fellowship of the Ring,Ratatouille,1
The Lord of the Rings: The Fellowship of the Ring,Elizabeth: The Golden Age,1
The Lord of the Rings: The Fellowship of the Ring,The Bourne Ultimatum,1
The Lord of the Rings: The Fellowship of the Ring,Once,1
The Lord of the Rings: The Fellowship of the Ring,The Golden Compass,2
The Lord of the Rings: The Fellowship of the Ring,Milk,1
The Lord of the Rings: The Fellowship of the Ring,The Dark Knight,2
The Lord of the Rings: The Fellowship of the Ring,The Reader,1
The Lord of the Rings: The Fellowship of the Ring,Vicky Cristina Barcelona,1
The Lord of the Rings: The Fellowship of the Ring,The Curious Case of Benjamin Button,2
The Lord of the Rings: The Fellowship of the Ring,Slumdog Millionaire,1
The Lord of the Rings: The Fellowship of the Ring,The Duchess,1
The Lord of the Rings: The Fellowship of the Ring,Crazy Heart,1
The Lord of the Rings: The Fellowship of the Ring,Inglourious Basterds,2
The Lord of the Rings: The Fellowship of the Ring,The Blind Side,1
The Lord of the Rings: The Fellowship of the Ring,Up,1
The Lord of the Rings: The Fellowship of the Ring,Avatar,3
The Lord of the Rings: The Fellowship of the Ring,The Young Victoria,1
The Lord of the Rings: The Fellowship of the Ring,The Hurt Locker,1
The Lord of the Rings: The Fellowship of the Ring,The Secret in Their Eyes,1
The Lord of the Rings: The Fellowship of the Ring,Star Trek,2
Black Hawk Down,The Pianist,2
Black Hawk Down,The Hours,1
Black Hawk Down,Road to Perdition,1
Black Hawk Down,Nowhere in Africa,1
Black Hawk Down,Frida,1
Black Hawk Down,8 Mile,1
Black Hawk Down,The Lord of the Rings: The Two Towers,1
Black Hawk Down,Mystic River,1
Black Hawk Down,Monster,1
Black Hawk Down,Cold Mountain,3
Black Hawk Down,The Lord of the Rings: The Return of the King,1
Black Hawk Down,Master and Commander: The Far Side of the World,3
Black Hawk Down,The Barbarian Invasions,1
Black Hawk Down,Ray,1
Black Hawk Down,Million Dollar Baby,1
Black Hawk Down,The Aviator,1
Black Hawk Down,The Sea Inside,1
Black Hawk Down,Sideways,1
Black Hawk Down,Capote,1
Black Hawk Down,Syriana,1
Black Hawk Down,Walk the Line,1
Black Hawk Down,The Constant Gardener,1
Black Hawk Down,Memoirs of a Geisha,1
Black Hawk Down,Brokeback Mountain,1
Black Hawk Down,Crash,1
Black Hawk Down,Tsotsi,1
Black Hawk Down,Hustle & Flow,1
Black Hawk Down,King Kong,1
Black Hawk Down,The Last King of Scotland,2
Black Hawk Down,Little Miss Sunshine,1
Black Hawk Down,The Queen,1
Black Hawk Down,Dreamgirls,1
Black Hawk Down,Pan's Labyrinth,2
Black Hawk Down,Marie Antoinette,2
Black Hawk Down,The Departed,1
Black Hawk Down,The Lives of Others,1
Black Hawk Down,There Will Be Blood,1
Black Hawk Down,No Country for Old Men,1
Black Hawk Down,Michael Clayton,1
Black Hawk Down,Elizabeth: The Golden Age,3
Black Hawk Down,Once,1
Black Hawk Down,Milk,2
Black Hawk Down,The Dark Knight,1
Black Hawk Down,The Reader,1
Black Hawk Down,Vicky Cristina Barcelona,1
Black Hawk Down,The Curious Case of Benjamin Button,1
Black Hawk Down,Slumdog Millionaire,1
Black Hawk Down,The Duchess,2
Black Hawk Down,Crazy Heart,1
Black Hawk Down,Inglourious Basterds,2
Black Hawk Down,The Blind Side,1
Black Hawk Down,The Young Victoria,2
Black Hawk Down,The Hurt Locker,3
Black Hawk Down,The Secret in Their Eyes,1
"Monsters, Inc.",Chicago,1
"Monsters, Inc.",Spirited Away,4
"Monsters, Inc.",The Lord of the Rings: The Two Towers,2
"Monsters, Inc.",Cold Mountain,1
"Monsters, Inc.",Finding Nemo,4
"Monsters, Inc.",The Lord of the Rings: The Return of the King,2
"Monsters, Inc.",Master and Commander: The Far Side of the World,1
"Monsters, Inc.",The Barbarian Invasions,1
"Monsters, Inc.",The Incredibles,3
"Monsters, Inc.",Spider-Man 2,2
"Monsters, Inc.",Sideways,2
"Monsters, Inc.","The Chronicles of Narnia: The Lion, the Witch and the Wardrobe",3
"Monsters, Inc.",King Kong,1
"Monsters, Inc.",Little Miss Sunshine,1
"Monsters, Inc.",Happy Feet,3
"Monsters, Inc.",Pan's Labyrinth,1
"Monsters, Inc.",Pirates of the Caribbean: Dead Man's Chest,2
"Monsters, Inc.",Ratatouille,4
"Monsters, Inc.",The Golden Compass,3
"Monsters, Inc.",The Curious Case of Benjamin Button,1
"Monsters, Inc.",Inglourious Basterds,1
"Monsters, Inc.",Up,4
"Monsters, Inc.",Avatar,2
"Monsters, Inc.",Star Trek,1
The Pianist,The Hours,1
The Pianist,Road to Perdition,1
The Pianist,Nowhere in Africa,2
The Pianist,Frida,2
The Pianist,8 Mile,1
The Pianist,The Lord of the Rings: The Two Towers,1
The Pianist,Mystic River,1
The Pianist,Monster,2
The Pianist,Cold Mountain,2
The Pianist,The Lord of the Rings: The Return of the King,1
The Pianist,Master and Commander: The Far Side of the World,2
The Pianist,The Barbarian Invasions,1
The Pianist,Ray,2
The Pianist,Million Dollar Baby,1
The Pianist,The Aviator,2
The Pianist,The Sea Inside,2
The Pianist,Sideways,1
The Pianist,Capote,2
The Pianist,Syriana,1
The Pianist,Walk the Line,2
The Pianist,The Constant Gardener,1
The Pianist,Memoirs of a Geisha,1
The Pianist,Brokeback Mountain,1
The Pianist,Crash,1
The Pianist,Tsotsi,1
The Pianist,Hustle & Flow,1
The Pianist,King Kong,1
The Pianist,The Last King of Scotland,2
The Pianist,Little Miss Sunshine,1
The Pianist,The Queen,2
The Pianist,Dreamgirls,1
The Pianist,Pan's Labyrinth,2
The Pianist,Marie Antoinette,2
The Pianist,The Departed,1
The Pianist,The Lives of Others,1
The Pianist,There Will Be Blood,1
The Pianist,No Country for Old Men,1
The Pianist,Michael Clayton,1
The Pianist,Elizabeth: The Golden Age,3
The Pianist,Once,1
The Pianist,Milk,2
The Pianist,The Dark Knight,1
The Pianist,The Reader,1
The Pianist,Vicky Cristina Barcelona,1
The Pianist,The Curious Case of Benjamin Button,1
The Pianist,Slumdog Millionaire,1
The Pianist,The Duchess,2
The Pianist,Crazy Heart,1
The Pianist,Inglourious Basterds,2
The Pianist,The Blind Side,2
The Pianist,The Young Victoria,2
The Pianist,The Hurt Locker,2
The Pianist,The Secret in Their Eyes,1
The Hours,Road to Perdition,1
The Hours,Nowhere in Africa,1
The Hours,Frida,2
The Hours,8 Mile,1
The Hours,The Lord of the Rings: The Two Towers,1
The Hours,Mystic River,1
The Hours,Monster,1
The Hours,Cold Mountain,2
The Hours,The Lord of the Rings: The Return of the King,1
The Hours,Master and Commander: The Far Side of the World,1
The Hours,The Barbarian Invasions,2
The Hours,Ray,1
The Hours,Million Dollar Baby,1
The Hours,The Aviator,1
The Hours,The Sea Inside,2
The Hours,Spider-Man 2,1
The Hours,Sideways,2
The Hours,Capote,1
The Hours,Syriana,1
The Hours,Walk the Line,2
The Hours,The Constant Gardener,2
The Hours,Memoirs of a Geisha,2
The Hours,Brokeback Mountain,2
The Hours,Crash,1
The Hours,Tsotsi,1
The Hours,Hustle & Flow,1
The Hours,King Kong,2
The Hours,The Last King of Scotland,1
The Hours,Little Miss Sunshine,1
The Hours,The Queen,1
The Hours,Dreamgirls,1
The Hours,Happy Feet,1
The Hours,Pan's Labyrinth,1
The Hours,Marie Antoinette,2
The Hours,The Departed,1
The Hours,The Lives of Others,1
The Hours,There Will Be Blood,1
The Hours,No Country for Old Men,1
The Hours,Michael Clayton,1
The Hours,Elizabeth: The Golden Age,1
The Hours,Once,2
The Hours,Milk,1
The Hours,The Dark Knight,1
The Hours,The Reader,2
The Hours,Vicky Cristina Barcelona,2
The Hours,The Curious Case of Benjamin Button,2
The Hours,Slumdog Millionaire,2
The Hours,The Duchess,2
The Hours,Crazy Heart,2
The Hours,Inglourious Basterds,1
The Hours,The Blind Side,1
The Hours,The Young Victoria,2
The Hours,The Hurt Locker,1
The Hours,The Secret in Their Eyes,1
Chicago,Road to Perdition,1
Chicago,Mystic River,1
Chicago,Monster,1
Chicago,Finding Nemo,1
Chicago,The Barbarian Invasions,2
Chicago,Sideways,1
Chicago,Capote,1
Chicago,Crash,1
Chicago,Tsotsi,1
Chicago,Hustle & Flow,1
Chicago,Little Miss Sunshine,1
Chicago,Dreamgirls,1
Chicago,Happy Feet,1
Chicago,The Departed,1
Chicago,No Country for Old Men,1
Chicago,Michael Clayton,1
Chicago,Ratatouille,1
Chicago,The Dark Knight,1
Chicago,Up,1
Spirited Away,The Lord of the Rings: The Two Towers,2
Spirited Away,Cold Mountain,1
Spirited Away,Finding Nemo,3
Spirited Away,The Lord of the Rings: The Return of the King,2
Spirited Away,Master and Commander: The Far Side of the World,1
Spirited Away,The Incredibles,3
Spirited Away,Spider-Man 2,2
Spirited Away,Sideways,1
Spirited Away,"The Chronicles of Narnia: The Lion, the Witch and the Wardrobe",3
Spirited Away,King Kong,1
Spirited Away,Happy Feet,2
Spirited Away,Pan's Labyrinth,1
Spirited Away,Pirates of the Caribbean: Dead Man's Chest,2
Spirited Away,Ratatouille,3
Spirited Away,The Golden Compass,3
Spirited Away,The Curious Case of Benjamin Button,1
Spirited Away,Inglourious Basterds,1
Spirited Away,Up,3
Spirited Away,Avatar,2
Spirited Away,Star Trek,1
Road to Perdition,Nowhere in Africa,1
Road to Perdition,Frida,1
Road to Perdition,8 Mile,1
Road to Perdition,The Lord of the Rings: The Two Towers,1
Road to Perdition,Mystic River,3
Road to Perdition,Monster,3
Road to Perdition,Cold Mountain,1
Road to Perdition,The Lord of the Rings: The Return of the King,1
Road to Perdition,Master and Commander: The Far Side of the World,1
Road to Perdition,The Barbarian Invasions,2
Road to Perdition,Ray,1
Road to Perdition,Million Dollar Baby,1
Road to Perdition,The Aviator,1
Road to Perdition,The Sea Inside,1
Road to Perdition,Sideways,1
Road to Perdition,Capote,2
Road to Perdition,Syriana,2
Road to Perdition,Walk the Line,1
Road to Perdition,The Constant Gardener,2
Road to Perdition,Memoirs of a Geisha,1
Road to Perdition,Brokeback Mountain,1
Road to Perdition,Crash,3
Road to Perdition,Tsotsi,2
Road to Perdition,Hustle & Flow,2
Road to Perdition,King Kong,1
Road to Perdition,The Last King of Scotland,2
Road to Perdition,Little Miss Sunshine,1
Road to Perdition,The Queen,1
Road to Perdition,Dreamgirls,1
Road to Perdition,Pan's Labyrinth,1
Road to Perdition,Marie Antoinette,1
Road to Perdition,The Departed,3
Road to Perdition,The Lives of Others,2
Road to Perdition,There Will Be Blood,1
Road to Perdition,No Country for Old Men,3
Road to Perdition,Michael Clayton,3
Road to Perdition,Elizabeth: The Golden Age,1
Road to Perdition,The Bourne Ultimatum,1
Road to Perdition,Once,1
Road to Perdition,Milk,1
Road to Perdition,The Dark Knight,3
Road to Perdition,The Reader,1
Road to Perdition,Vicky Cristina Barcelona,1
Road to Perdition,The Curious Case of Benjamin Button,1
Road to Perdition,Slumdog Millionaire,1
Road to Perdition,The Duchess,1
Road to Perdition,Crazy Heart,1
Road to Perdition,Inglourious Basterds,1
Road to Perdition,The Blind Side,1
Road to Perdition,The Young Victoria,1
Road to Perdition,The Hurt Locker,2
Road to Perdition,The Secret in Their Eyes,2
Nowhere in Africa,Frida,2
Nowhere in Africa,8 Mile,1
Nowhere in Africa,The Lord of the Rings: The Two Towers,1
Nowhere in Africa,Mystic River,1
Nowhere in Africa,Monster,2
Nowhere in Africa,Cold Mountain,1
Nowhere in Africa,The Lord of the Rings: The Return of the King,1
Nowhere in Africa,Master and Commander: The Far Side of the World,1
Nowhere in Africa,The Barbarian Invasions,1
Nowhere in Africa,Ray,2
Nowhere in Africa,Million Dollar Baby,1
Nowhere in Africa,The Aviator,2
Nowhere in Africa,The Sea Inside,2
Nowhere in Africa,Sideways,1
Nowhere in Africa,Capote,2
Nowhere in Africa,Syriana,1
Nowhere in Africa,Walk the Line,2
Nowhere in Africa,The Constant Gardener,1
Nowhere in Africa,Memoirs of a Geisha,1
Nowhere in Africa,Brokeback Mountain,1
Nowhere in Africa,Crash,1
Nowhere in Africa,Tsotsi,1
Nowhere in Africa,Hustle & Flow,1
Nowhere in Africa,King Kong,1
Nowhere in Africa,The Last King of Scotland,2
Nowhere in Africa,Little Miss Sunshine,1
Nowhere in Africa,The Queen,2
Nowhere in Africa,Dreamgirls,1
Nowhere in Africa,Pan's Labyrinth,1
Nowhere in Africa,Marie Antoinette,2
Nowhere in Africa,The Departed,1
Nowhere in Africa,The Lives of Others,1
Nowhere in Africa,There Will Be Blood,1
Nowhere in Africa,No Country for Old Men,1
Nowhere in Africa,Michael Clayton,1
Nowhere in Africa,Elizabeth: The Golden Age,2
Nowhere in Africa,Once,1
Nowhere in Africa,Milk,2
Nowhere in Africa,The Dark Knight,1
Nowhere in Africa,The Reader,1
Nowhere in Africa,Vicky Cristina Barcelona,1
Nowhere in Africa,The Curious Case of Benjamin Button,1
Nowhere in Africa,Slumdog Millionaire,1
Nowhere in Africa,The Duchess,2
Nowhere in Africa,Crazy Heart,1
Nowhere in Africa,Inglourious Basterds,1
Nowhere in Africa,The Blind Side,2
Nowhere in Africa,The Young Victoria,2
Nowhere in Africa,The Hurt Locker,1
Nowhere in Africa,The Secret in Their Eyes,1
Frida,8 Mile,1
Frida,The Lord of the Rings: The Two Towers,1
Frida,Mystic River,1
Frida,Monster,2
Frida,Cold Mountain,2
Frida,The Lord of the Rings: The Return of the King,1
Frida,Master and Commander: The Far Side of the World,1
Frida,The Barbarian Invasions,2
Frida,Ray,2
Frida,Million Dollar Baby,1
Frida,The Aviator,2
Frida,The Sea Inside,3
Frida,Spider-Man 2,1
Frida,Sideways,2
Frida,Capote,2
Frida,Syriana,1
Frida,Walk the Line,3
Frida,The Constant Gardener,2
Frida,Memoirs of a Geisha,2
Frida,Brokeback Mountain,2
Frida,Crash,1
Frida,Tsotsi,1
Frida,Hustle & Flow,1
Frida,King Kong,2
Frida,The Last King of Scotland,2
Frida,Little Miss Sunshine,1
Frida,The Queen,2
Frida,Dreamgirls,1
Frida,Happy Feet,1
Frida,Pan's Labyrinth,1
Frida,Marie Antoinette,3
Frida,The Departed,1
Frida,The Lives of Others,1
Frida,There Will Be Blood,1
Frida,No Country for Old Men,1
Frida,Michael Clayton,1
Frida,Elizabeth: The Golden Age,2
Frida,Once,2
Frida,Milk,2
Frida,The Dark Knight,1
Frida,The Reader,2
Frida,Vicky Cristina Barcelona,2
Frida,The Curious Case of Benjamin Button,2
Frida,Slumdog Millionaire,2
Frida,The Duchess,3
Frida,Crazy Heart,2
Frida,Inglourious Basterds,1
Frida,The Blind Side,2
Frida,The Young Victoria,3
Frida,The Hurt Locker,1
Frida,The Secret in Their Eyes,1
8 Mile,The Lord of the Rings: The Two Towers,1
8 Mile,Mystic River,1
8 Mile,Monster,1
8 Mile,Cold Mountain,1
8 Mile,The Lord of the Rings: The Return of the King,1
8 Mile,Master and Commander: The Far Side of the World,1
8 Mile,The Barbarian Invasions,1
8 Mile,Ray,2
8 Mile,Million Dollar Baby,1
8 Mile,The Aviator,1
8 Mile,The Sea Inside,1
8 Mile,Sideways,1
8 Mile,Capote,1
8 Mile,Syriana,1
8 Mile,Walk the Line,2
8 Mile,The Constant Gardener,1
8 Mile,Memoirs of a Geisha,1
8 Mile,Brokeback Mountain,1
8 Mile,Crash,1
8 Mile,Tsotsi,1
8 Mile,Hustle & Flow,2
8 Mile,King Kong,1
8 Mile,The Last King of Scotland,1
8 Mile,Little Miss Sunshine,1
8 Mile,The Queen,1
8 Mile,Dreamgirls,2
8 Mile,Happy Feet,1
8 Mile,Pan's Labyrinth,1
8 Mile,Marie Antoinette,1
8 Mile,The Departed,1
8 Mile,The Lives of Others,1
8 Mile,There Will Be Blood,1
8 Mile,No Country for Old Men,1
8 Mile,Michael Clayton,1
8 Mile,Elizabeth: The Golden Age,1
8 Mile,Once,2
8 Mile,Milk,1
8 Mile,The Dark Knight,1
8 Mile,The Reader,1
8 Mile,Vicky Cristina Barcelona,1
8 Mile,The Curious Case of Benjamin Button,1
8 Mile,Slumdog Millionaire,1
8 Mile,The Duchess,1
8 Mile,Crazy Heart,2
8 Mile,Inglourious Basterds,1
8 Mile,The Blind Side,1
8 Mile,The Young Victoria,1
8 Mile,The Hurt Locker,1
8 Mile,The Secret in Their Eyes,1
The Lord of the Rings: The Two Towers,Mystic River,1
The Lord of the Rings: The Two Towers,Monster,1
The Lord of the Rings: The Two Towers,Cold Mountain,2
The Lord of the Rings: The Two Towers,Finding Nemo,1
The Lord of the Rings: The Two Towers,The Lord of the Rings: The Return of the King,4
The Lord of the Rings: The Two Towers,Master and Commander: The Far Side of the World,3
The Lord of the Rings: The Two Towers,The Barbarian Invasions,1
The Lord of the Rings: The Two Towers,Ray,1
The Lord of the Rings: The Two Towers,Million Dollar Baby,1
The Lord of the Rings: The Two Towers,The Aviator,1
The Lord of the Rings: The Two Towers,The Incredibles,2
The Lord of the Rings: The Two Towers,The Sea Inside,1
The Lord of the Rings: The Two Towers,Spider-Man 2,3
The Lord of the Rings: The Two Towers,Sideways,2
The Lord of the Rings: The Two Towers,Capote,1
The Lord of the Rings: The Two Towers,Syriana,1
The Lord of the Rings: The Two Towers,Walk the Line,1
The Lord of the Rings: The Two Towers,The Constant Gardener,1
The Lord of the Rings: The Two Towers,Memoirs of a Geisha,1
The Lord of the Rings: The Two Towers,Brokeback Mountain,1
The Lord of the Rings: The Two Towers,Crash,1
The Lord of the Rings: The Two Towers,Tsotsi,1
The Lord of the Rings: The Two Towers,"The Chronicles of Narnia: The Lion, the Witch and the Wardrobe",2
The Lord of the Rings: The Two Towers,Hustle & Flow,1
The Lord of the Rings: The Two Towers,King Kong,3
The Lord of the Rings: The Two Towers,The Last King of Scotland,1
The Lord of the Rings: The Two Towers,Little Miss Sunshine,1
The Lord of the Rings: The Two Towers,The Queen,1
The Lord of the Rings: The Two Towers,Dreamgirls,1
The Lord of the Rings: The Two Towers,Pan's Labyrinth,2
The Lord of the Rings: The Two Towers,Marie Antoinette,1
The Lord of the Rings: The Two Towers,The Departed,1
The Lord of the Rings: The Two Towers,The Lives of Others,1
The Lord of the Rings: The Two Towers,Pirates of the Caribbean: Dead Man's Chest,3
The Lord of the Rings: The Two Towers,There Will Be Blood,1
The Lord of the Rings: The Two Towers,No Country for Old Men,1
The Lord of the Rings: The Two Towers,Michael Clayton,1
The Lord of the Rings: The Two Towers,Ratatouille,1
The Lord of the Rings: The Two Towers,Elizabeth: The Golden Age,1
The Lord of the Rings: The Two Towers,The Bourne Ultimatum,1
The Lord of the Rings: The Two Towers,Once,1
The Lord of the Rings: The Two Towers,The Golden Compass,2
The Lord of the Rings: The Two Towers,Milk,1
The Lord of the Rings: The Two Towers,The Dark Knight,2
The Lord of the Rings: The Two Towers,The Reader,1
The Lord of the Rings: The Two Towers,Vicky Cristina Barcelona,1
The Lord of the Rings: The Two Towers,The Curious Case of Benjamin Button,2
The Lord of the Rings: The Two Towers,Slumdog Millionaire,1
The Lord of the Rings: The Two Towers,The Duchess,1
The Lord of the Rings: The Two Towers,Crazy Heart,1
The Lord of the Rings: The Two Towers,Inglourious Basterds,2
The Lord of the Rings: The Two Towers,The Blind Side,1
The Lord of the Rings: The Two Towers,Up,1
The Lord of the Rings: The Two Towers,Avatar,3
The Lord of the Rings: The Two Towers,The Young Victoria,1
The Lord of the Rings: The Two Towers,The Hurt Locker,1
The Lord of the Rings: The Two Towers,The Secret in Their Eyes,1
The Lord of the Rings: The Two Towers,Star Trek,2
Mystic River,Monster,3
Mystic River,Cold Mountain,1
Mystic River,The Lord of the Rings: The Return of the King,1
Mystic River,Master and Commander: The Far Side of the World,1
Mystic River,The Barbarian Invasions,3
Mystic River,Ray,1
Mystic River,Million Dollar Baby,1
Mystic River,The Aviator,1
Mystic River,The Sea Inside,1
Mystic River,Sideways,1
Mystic River,Capote,2
Mystic River,Syriana,2
Mystic River,Walk the Line,1
Mystic River,The Constant Gardener,3
Mystic River,Memoirs of a Geisha,1
Mystic River,Brokeback Mountain,1
Mystic River,Crash,3
Mystic River,Tsotsi,2
Mystic River,Hustle & Flow,2
Mystic River,King Kong,1
Mystic River,The Last King of Scotland,2
Mystic River,Little Miss Sunshine,1
Mystic River,The Queen,1
Mystic River,Dreamgirls,1
Mystic River,Pan's Labyrinth,1
Mystic River,Marie Antoinette,1
Mystic River,The Departed,3
Mystic River,The Lives of Others,2
Mystic River,There Will Be Blood,1
Mystic River,No Country for Old Men,3
Mystic River,Michael Clayton,4
Mystic River,Elizabeth: The Golden Age,1
Mystic River,The Bourne Ultimatum,2
Mystic River,Once,1
Mystic River,Milk,1
Mystic River,The Dark Knight,3
Mystic River,The Reader,1
Mystic River,Vicky Cristina Barcelona,1
Mystic River,The Curious Case of Benjamin Button,1
Mystic River,Slumdog Millionaire,1
Mystic River,The Duchess,1
Mystic River,Crazy Heart,1
Mystic River,Inglourious Basterds,1
Mystic River,The Blind Side,1
Mystic River,The Young Victoria,1
Mystic River,The Hurt Locker,2
Mystic River,The Secret in Their Eyes,3
Monster,Cold Mountain,1
Monster,The Lord of the Rings: The Return of the King,1
Monster,Master and Commander: The Far Side of the World,1
Monster,The Barbarian Invasions,2
Monster,Ray,2
Monster,Million Dollar Baby,1
Monster,The Aviator,2
Monster,The Sea Inside,2
Monster,Sideways,1
Monster,Capote,3
Monster,Syriana,2
Monster,Walk the Line,2
Monster,The Constant Gardener,2
Monster,Memoirs of a Geisha,1
Monster,Brokeback Mountain,1
Monster,Crash,3
Monster,Tsotsi,2
Monster,Hustle & Flow,2
Monster,King Kong,1
Monster,The Last King of Scotland,3
Monster,Little Miss Sunshine,1
Monster,The Queen,2
Monster,Dreamgirls,1
Monster,Pan's Labyrinth,1
Monster,Marie Antoinette,2
Monster,The Departed,3
Monster,The Lives of Others,2
Monster,There Will Be Blood,1
Monster,No Country for Old Men,3
Monster,Michael Clayton,3
Monster,Elizabeth: The Golden Age,2
Monster,The Bourne Ultimatum,1
Monster,Once,1
Monster,Milk,2
Monster,The Dark Knight,3
Monster,The Reader,1
Monster,Vicky Cristina Barcelona,1
Monster,The Curious Case of Benjamin Button,1
Monster,Slumdog Millionaire,1
Monster,The Duchess,2
Monster,Crazy Heart,1
Monster,Inglourious Basterds,1
Monster,The Blind Side,2
Monster,The Young Victoria,2
Monster,The Hurt Locker,2
Monster,The Secret in Their Eyes,2
Cold Mountain,Finding Nemo,1
Cold Mountain,The Lord of the Rings: The Return of the King,2
Cold Mountain,Master and Commander: The Far Side of the World,4
Cold Mountain,The Barbarian Invasions,2
Cold Mountain,Ray,1
Cold Mountain,Million Dollar Baby,1
Cold Mountain,The Aviator,1
Cold Mountain,The Incredibles,1
Cold Mountain,The Sea Inside,2
Cold Mountain,Spider-Man 2,2
Cold Mountain,Sideways,3
Cold Mountain,Capote,1
Cold Mountain,Syriana,1
Cold Mountain,Walk the Line,2
Cold Mountain,The Constant Gardener,2
Cold Mountain,Memoirs of a Geisha,2
Cold Mountain,Brokeback Mountain,2
Cold Mountain,Crash,1
Cold Mountain,Tsotsi,1
Cold Mountain,"The Chronicles of Narnia: The Lion, the Witch and the Wardrobe",1
Cold Mountain,Hustle & Flow,1
Cold Mountain,King Kong,3
Cold Mountain,The Last King of Scotland,2
Cold Mountain,Little Miss Sunshine,1
Cold Mountain,The Queen,1
Cold Mountain,Dreamgirls,1
Cold Mountain,Happy Feet,1
Cold Mountain,Pan's Labyrinth,2
Cold Mountain,Marie Antoinette,3
Cold Mountain,The Departed,1
Cold Mountain,The Lives of Others,1
Cold Mountain,Pirates of the Caribbean: Dead Man's Chest,1
Cold Mountain,There Will Be Blood,1
Cold Mountain,No Country for Old Men,1
Cold Mountain,Michael Clayton,1
Cold Mountain,Elizabeth: The Golden Age,3
Cold Mountain,Once,2
Cold Mountain,The Golden Compass,1
Cold Mountain,Milk,2
Cold Mountain,The Dark Knight,1
Cold Mountain,The Reader,2
Cold Mountain,Vicky Cristina Barcelona,2
Cold Mountain,The Curious Case of Benjamin Button,2
Cold Mountain,Slumdog Millionaire,2
Cold Mountain,The Duchess,3
Cold Mountain,Crazy Heart,2
Cold Mountain,Inglourious Basterds,3
Cold Mountain,The Blind Side,1
Cold Mountain,Up,1
Cold Mountain,Avatar,1
Cold Mountain,The Young Victoria,3
Cold Mountain,The Hurt Locker,3
Cold Mountain,The Secret in Their Eyes,1
Cold Mountain,Star Trek,1
Finding Nemo,The Lord of the Rings: The Return of the King,1
Finding Nemo,Master and Commander: The Far Side of the World,1
Finding Nemo,The Barbarian Invasions,1
Finding Nemo,The Incredibles,3
Finding Nemo,Spider-Man 2,1
Finding Nemo,Sideways,2
Finding Nemo,"The Chronicles of Narnia: The Lion, the Witch and the Wardrobe",2
Finding Nemo,King Kong,1
Finding Nemo,Little Miss Sunshine,1
Finding Nemo,Happy Feet,3
Finding Nemo,Pirates of the Caribbean: Dead Man's Chest,1
Finding Nemo,Ratatouille,3
Finding Nemo,The Golden Compass,2
Finding Nemo,Inglourious Basterds,1
Finding Nemo,Up,4
Finding Nemo,Avatar,1
Finding Nemo,Star Trek,1
The Lord of the Rings: The Return of the King,Master and Commander: The Far Side of the World,3
The Lord of the Rings: The Return of the King,The Barbarian Invasions,1
The Lord of the Rings: The Return of the King,Ray,1
The Lord of the Rings: The Return of the King,Million Dollar Baby,1
The Lord of the Rings: The Return of the King,The Aviator,1
The Lord of the Rings: The Return of the King,The Incredibles,2
The Lord of the Rings: The Return of the King,The Sea Inside,1
The Lord of the Rings: The Return of the King,Spider-Man 2,3
The Lord of the Rings: The Return of the King,Sideways,2
The Lord of the Rings: The Return of the King,Capote,1
The Lord of the Rings: The Return of the King,Syriana,1
The Lord of the Rings: The Return of the King,Walk the Line,1
The Lord of the Rings: The Return of the King,The Constant Gardener,1
The Lord of the Rings: The Return of the King,Memoirs of a Geisha,1
The Lord of the Rings: The Return of the King,Brokeback Mountain,1
The Lord of the Rings: The Return of the King,Crash,1
The Lord of the Rings: The Return of the King,Tsotsi,1
The Lord of the Rings: The Return of the King,"The Chronicles of Narnia: The Lion, the Witch and the Wardrobe",2
The Lord of the Rings: The Return of the King,Hustle & Flow,1
The Lord of the Rings: The Return of the King,King Kong,3
The Lord of the Rings: The Return of the King,The Last King of Scotland,1
The Lord of the Rings: The Return of the King,Little Miss Sunshine,1
The Lord of the Rings: The Return of the King,The Queen,1
The Lord of the Rings: The Return of the King,Dreamgirls,1
The Lord of the Rings: The Return of the King,Pan's Labyrinth,2
The Lord of the Rings: The Return of the King,Marie Antoinette,1
The Lord of the Rings: The Return of the King,The Departed,1
The Lord of the Rings: The Return of the King,The Lives of Others,1
The Lord of the Rings: The Return of the King,Pirates of the Caribbean: Dead Man's Chest,3
The Lord of the Rings: The Return of the King,There Will Be Blood,1
The Lord of the Rings: The Return of the King,No Country for Old Men,1
The Lord of the Rings: The Return of the King,Michael Clayton,1
The Lord of the Rings: The Return of the King,Ratatouille,1
The Lord of the Rings: The Return of the King,Elizabeth: The Golden Age,1
The Lord of the Rings: The Return of the King,The Bourne Ultimatum,1
The Lord of the Rings: The Return of the King,Once,1
The Lord of the Rings: The Return of the King,The Golden Compass,2
The Lord of the Rings: The Return of the King,Milk,1
The Lord of the Rings: The Return of the King,The Dark Knight,2
The Lord of the Rings: The Return of the King,The Reader,1
The Lord of the Rings: The Return of the King,Vicky Cristina Barcelona,1
The Lord of the Rings: The Return of the King,The Curious Case of Benjamin Button,2
The Lord of the Rings: The Return of the King,Slumdog Millionaire,1
The Lord of the Rings: The Return of the King,The Duchess,1
The Lord of the Rings: The Return of the King,Crazy Heart,1
The Lord of the Rings: The Return of the King,Inglourious Basterds,2
The Lord of the Rings: The Return of the King,The Blind Side,1
The Lord of the Rings: The Return of the King,Up,1
The Lord of the Rings: The Return of the King,Avatar,3
The Lord of the Rings: The Return of the King,The Young Victoria,1
The Lord of the Rings: The Return of the King,The Hurt Locker,1
The Lord of the Rings: The Return of the King,The Secret in Their Eyes,1
The Lord of the Rings: The Return of the King,Star Trek,2
Master and Commander: The Far Side of the World,The Barbarian Invasions,1
Master and Commander: The Far Side of the World,Ray,1
Master and Commander: The Far Side of the World,Million Dollar Baby,1
Master and Commander: The Far Side of the World,The Aviator,1
Master and Commander: The Far Side of the World,The Incredibles,2
Master and Commander: The Far Side of the World,The Sea Inside,1
Master and Commander: The Far Side of the World,Spider-Man 2,2
Master and Commander: The Far Side of the World,Sideways,2
Master and Commander: The Far Side of the World,Capote,1
Master and Commander: The Far Side of the World,Syriana,1
Master and Commander: The Far Side of the World,Walk the Line,1
Master and Commander: The Far Side of the World,The Constant Gardener,1
Master and Commander: The Far Side of the World,Memoirs of a Geisha,1
Master and Commander: The Far Side of the World,Brokeback Mountain,1
Master and Commander: The Far Side of the World,Crash,1
Master and Commander: The Far Side of the World,Tsotsi,1
Master and Commander: The Far Side of the World,"The Chronicles of Narnia: The Lion, the Witch and the Wardrobe",1
Master and Commander: The Far Side of the World,Hustle & Flow,1
Master and Commander: The Far Side of the World,King Kong,3
Master and Commander: The Far Side of the World,The Last King of Scotland,2
Master and Commander: The Far Side of the World,Little Miss Sunshine,1
Master and Commander: The Far Side of the World,The Queen,1
Master and Commander: The Far Side of the World,Dreamgirls,1
Master and Commander: The Far Side of the World,Pan's Labyrinth,2
Master and Commander: The Far Side of the World,Marie Antoinette,2
Master and Commander: The Far Side of the World,The Departed,1
Master and Commander: The Far Side of the World,The Lives of Others,1
Master and Commander: The Far Side of the World,Pirates of the Caribbean: Dead Man's Chest,2
Master and Commander: The Far Side of the World,There Will Be Blood,1
Master and Commander: The Far Side of the World,No Country for Old Men,1
Master and Commander: The Far Side of the World,Michael Clayton,1
Master and Commander: The Far Side of the World,Elizabeth: The Golden Age,3
Master and Commander: The Far Side of the World,The Bourne Ultimatum,1
Master and Commander: The Far Side of the World,Once,1
Master and Commander: The Far Side of the World,The Golden Compass,1
Master and Commander: The Far Side of the World,Milk,2
Master and Commander: The Far Side of the World,The Dark Knight,2
Master and Commander: The Far Side of the World,The Reader,1
Master and Commander: The Far Side of the World,Vicky Cristina Barcelona,1
Master and Commander: The Far Side of the World,The Curious Case of Benjamin Button,1
Master and Commander: The Far Side of the World,Slumdog Millionaire,1
Master and Commander: The Far Side of the World,The Duchess,2
Master and Commander: The Far Side of the World,Crazy Heart,1
Master and Commander: The Far Side of the World,Inglourious Basterds,3
Master and Commander: The Far Side of the World,The Blind Side,1
Master and Commander: The Far Side of the World,Up,1
Master and Commander: The Far Side of the World,Avatar,2
Master and Commander: The Far Side of the World,The Young Victoria,2
Master and Commander: The Far Side of the World,The Hurt Locker,3
Master and Commander: The Far Side of the World,The Secret in Their Eyes,1
Master and Commander: The Far Side of the World,Star Trek,2
The Barbarian Invasions,Ray,1
The Barbarian Invasions,Million Dollar Baby,1
The Barbarian Invasions,The Aviator,1
The Barbarian Invasions,The Sea Inside,2
The Barbarian Invasions,Spider-Man 2,1
The Barbarian Invasions,Sideways,3
The Barbarian Invasions,Capote,2
The Barbarian Invasions,Syriana,1
The Barbarian Invasions,Walk the Line,2
The Barbarian Invasions,The Constant Gardener,3
The Barbarian Invasions,Memoirs of a Geisha,2
The Barbarian Invasions,Brokeback Mountain,2
The Barbarian Invasions,Crash,2
The Barbarian Invasions,Tsotsi,2
The Barbarian Invasions,Hustle & Flow,2
The Barbarian Invasions,King Kong,2
The Barbarian Invasions,The Last King of Scotland,1
The Barbarian Invasions,Little Miss Sunshine,2
The Barbarian Invasions,The Queen,1
The Barbarian Invasions,Dreamgirls,1
The Barbarian Invasions,Happy Feet,2
The Barbarian Invasions,Pan's Labyrinth,1
The Barbarian Invasions,Marie Antoinette,2
The Barbarian Invasions,The Departed,2
The Barbarian Invasions,The Lives of Others,1
The Barbarian Invasions,There Will Be Blood,1
The Barbarian Invasions,No Country for Old Men,2
The Barbarian Invasions,Michael Clayton,3
The Barbarian Invasions,Ratatouille,1
The Barbarian Invasions,Elizabeth: The Golden Age,1
The Barbarian Invasions,The Bourne Ultimatum,1
The Barbarian Invasions,Once,2
The Barbarian Invasions,Milk,1
The Barbarian Invasions,The Dark Knight,2
The Barbarian Invasions,The Reader,2
The Barbarian Invasions,Vicky Cristina Barcelona,2
The Barbarian Invasions,The Curious Case of Benjamin Button,2
The Barbarian Invasions,Slumdog Millionaire,2
The Barbarian Invasions,The Duchess,2
The Barbarian Invasions,Crazy Heart,2
The Barbarian Invasions,Inglourious Basterds,1
The Barbarian Invasions,The Blind Side,1
The Barbarian Invasions,Up,1
The Barbarian Invasions,The Young Victoria,2
The Barbarian Invasions,The Hurt Locker,1
The Barbarian Invasions,The Secret in Their Eyes,2
Ray,Million Dollar Baby,1
Ray,The Aviator,2
Ray,The Sea Inside,2
Ray,Sideways,1
Ray,Capote,2
Ray,Syriana,1
Ray,Walk the Line,3
Ray,The Constant Gardener,1
Ray,Memoirs of a Geisha,1
Ray,Brokeback Mountain,1
Ray,Crash,1
Ray,Tsotsi,1
Ray,Hustle & Flow,2
Ray,King Kong,1
Ray,The Last King of Scotland,2
Ray,Little Miss Sunshine,1
Ray,The Queen,2
Ray,Dreamgirls,2
Ray,Happy Feet,1
Ray,Pan's Labyrinth,1
Ray,Marie Antoinette,2
Ray,The Departed,1
Ray,The Lives of Others,1
Ray,There Will Be Blood,1
Ray,No Country for Old Men,1
Ray,Michael Clayton,1
Ray,Elizabeth: The Golden Age,2
Ray,Once,2
Ray,Milk,2
Ray,The Dark Knight,1
Ray,The Reader,1
Ray,Vicky Cristina Barcelona,1
Ray,The Curious Case of Benjamin Button,1
Ray,Slumdog Millionaire,1
Ray,The Duchess,2
Ray,Crazy Heart,2
Ray,Inglourious Basterds,1
Ray,The Blind Side,2
Ray,The Young Victoria,2
Ray,The Hurt Locker,1
Ray,The Secret in Their Eyes,1
Million Dollar Baby,The Aviator,1
Million Dollar Baby,The Sea Inside,1
Million Dollar Baby,Sideways,1
Million Dollar Baby,Capote,1
Million Dollar Baby,Syriana,1
Million Dollar Baby,Walk the Line,1
Million Dollar Baby,The Constant Gardener,1
Million Dollar Baby,Memoirs of a Geisha,1
Million Dollar Baby,Brokeback Mountain,1
Million Dollar Baby,Crash,1
Million Dollar Baby,Tsotsi,1
Million Dollar Baby,Hustle & Flow,1
Million Dollar Baby,King Kong,1
Million Dollar Baby,The Last King of Scotland,1
Million Dollar Baby,Little Miss Sunshine,1
Million Dollar Baby,The Queen,1
Million Dollar Baby,Dreamgirls,1
Million Dollar Baby,Pan's Labyrinth,1
Million Dollar Baby,Marie Antoinette,1
Million Dollar Baby,The Departed,1
Million Dollar Baby,The Lives of Others,1
Million Dollar Baby,There Will Be Blood,1
Million Dollar Baby,No Country for Old Men,1
Million Dollar Baby,Michael Clayton,1
Million Dollar Baby,Elizabeth: The Golden Age,1
Million Dollar Baby,Once,1
Million Dollar Baby,Milk,1
Million Dollar Baby,The Dark Knight,1
Million Dollar Baby,The Reader,1
Million Dollar Baby,Vicky Cristina Barcelona,1
Million Dollar Baby,The Curious Case of Benjamin Button,1
Million Dollar Baby,Slumdog Millionaire,1
Million Dollar Baby,The Duchess,1
Million Dollar Baby,Crazy Heart,1
Million Dollar Baby,Inglourious Basterds,1
Million Dollar Baby,The Blind Side,2
Million Dollar Baby,The Young Victoria,1
Million Dollar Baby,The Hurt Locker,1
Million Dollar Baby,The Secret in Their Eyes,1
The Aviator,The Sea Inside,2
The Aviator,Sideways,1
The Aviator,Capote,2
The Aviator,Syriana,1
The Aviator,Walk the Line,2
The Aviator,The Constant Gardener,1
The Aviator,Memoirs of a Geisha,1
The Aviator,Brokeback Mountain,1
The Aviator,Crash,1
The Aviator,Tsotsi,1
The Aviator,Hustle & Flow,1
The Aviator,King Kong,1
The Aviator,The Last King of Scotland,2
The Aviator,Little Miss Sunshine,1
The Aviator,The Queen,2
The Aviator,Dreamgirls,1
The Aviator,Pan's Labyrinth,1
The Aviator,Marie Antoinette,2
The Aviator,The Departed,1
The Aviator,The Lives of Others,1
The Aviator,There Will Be Blood,1
The Aviator,No Country for Old Men,1
The Aviator,Michael Clayton,1
The Aviator,Elizabeth: The Golden Age,2
The Aviator,Once,1
The Aviator,Milk,2
The Aviator,The Dark Knight,1
The Aviator,The Reader,1
The Aviator,Vicky Cristina Barcelona,1
The Aviator,The Curious Case of Benjamin Button,1
The Aviator,Slumdog Millionaire,1
The Aviator,The Duchess,2
The Aviator,Crazy Heart,1
The Aviator,Inglourious Basterds,1
The Aviator,The Blind Side,2
The Aviator,The Young Victoria,2
The Aviator,The Hurt Locker,1
The Aviator,The Secret in Their Eyes,1
The Incredibles,Spider-Man 2,2
The Incredibles,Sideways,1
The Incredibles,"The Chronicles of Narnia: The Lion, the Witch and the Wardrobe",2
The Incredibles,King Kong,2
The Incredibles,Happy Feet,2
The Incredibles,Pirates of the Caribbean: Dead Man's Chest,2
The Incredibles,Ratatouille,2
The Incredibles,The Bourne Ultimatum,1
The Incredibles,The Golden Compass,2
The Incredibles,The Dark Knight,1
The Incredibles,Inglourious Basterds,1
The Incredibles,Up,3
The Incredibles,Avatar,2
The Incredibles,Star Trek,2
The Sea Inside,Spider-Man 2,1
The Sea Inside,Sideways,2
The Sea Inside,Capote,2
The Sea Inside,Syriana,1
The Sea Inside,Walk the Line,3
The Sea Inside,The Constant Gardener,2
The Sea Inside,Memoirs of a Geisha,2
The Sea Inside,Brokeback Mountain,2
The Sea Inside,Crash,1
The Sea Inside,Tsotsi,1
The Sea Inside,Hustle & Flow,1
The Sea Inside,King Kong,2
The Sea Inside,The Last King of Scotland,2
The Sea Inside,Little Miss Sunshine,1
The Sea Inside,The Queen,2
The Sea Inside,Dreamgirls,1
The Sea Inside,Happy Feet,1
The Sea Inside,Pan's Labyrinth,1
The Sea Inside,Marie Antoinette,3
The Sea Inside,The Departed,1
The Sea Inside,The Lives of Others,1
The Sea Inside,There Will Be Blood,1
The Sea Inside,No Country for Old Men,1
The Sea Inside,Michael Clayton,1
The Sea Inside,Elizabeth: The Golden Age,2
The Sea Inside,Once,2
The Sea Inside,Milk,2
The Sea Inside,The Dark Knight,1
The Sea Inside,The Reader,2
The Sea Inside,Vicky Cristina Barcelona,2
The Sea Inside,The Curious Case of Benjamin Button,2
The Sea Inside,Slumdog Millionaire,2
The Sea Inside,The Duchess,3
The Sea Inside,Crazy Heart,2
The Sea Inside,Inglourious Basterds,1
The Sea Inside,The Blind Side,2
The Sea Inside,The Young Victoria,3
The Sea Inside,The Hurt Locker,1
The Sea Inside,The Secret in Their Eyes,1
Spider-Man 2,Sideways,2
Spider-Man 2,Walk the Line,1
Spider-Man 2,The Constant Gardener,1
Spider-Man 2,Memoirs of a Geisha,1
Spider-Man 2,Brokeback Mountain,1
Spider-Man 2,"The Chronicles of Narnia: The Lion, the Witch and the Wardrobe",2
Spider-Man 2,King Kong,3
Spider-Man 2,Happy Feet,1
Spider-Man 2,Pan's Labyrinth,1
Spider-Man 2,Marie Antoinette,1
Spider-Man 2,Pirates of the Caribbean: Dead Man's Chest,3
Spider-Man 2,Ratatouille,1
Spider-Man 2,The Bourne Ultimatum,1
Spider-Man 2,Once,1
Spider-Man 2,The Golden Compass,2
Spider-Man 2,The Dark Knight,1
Spider-Man 2,The Reader,1
Spider-Man 2,Vicky Cristina Barcelona,1
Spider-Man 2,The Curious Case of Benjamin Button,2
Spider-Man 2,Slumdog Millionaire,1
Spider-Man 2,The Duchess,1
Spider-Man 2,Crazy Heart,1
Spider-Man 2,Inglourious Basterds,1
Spider-Man 2,Up,1
Spider-Man 2,Avatar,3
Spider-Man 2,The Young Victoria,1
Spider-Man 2,Star Trek,2
Sideways,Capote,1
Sideways,Syriana,1
Sideways,Walk the Line,2
Sideways,The Constant Gardener,2
Sideways,Memoirs of a Geisha,2
Sideways,Brokeback Mountain,2
Sideways,Crash,1
Sideways,Tsotsi,1
Sideways,"The Chronicles of Narnia: The Lion, the Witch and the Wardrobe",1
Sideways,Hustle & Flow,1
Sideways,King Kong,3
Sideways,The Last King of Scotland,1
Sideways,Little Miss Sunshine,2
Sideways,The Queen,1
Sideways,Dreamgirls,1
Sideways,Happy Feet,2
Sideways,Pan's Labyrinth,1
Sideways,Marie Antoinette,2
Sideways,The Departed,1
Sideways,The Lives of Others,1
Sideways,Pirates of the Caribbean: Dead Man's Chest,1
Sideways,There Will Be Blood,1
Sideways,No Country for Old Men,1
Sideways,Michael Clayton,1
Sideways,Ratatouille,1
Sideways,Elizabeth: The Golden Age,1
Sideways,Once,2
Sideways,The Golden Compass,1
Sideways,Milk,1
Sideways,The Dark Knight,1
Sideways,The Reader,2
Sideways,Vicky Cristina Barcelona,2
Sideways,The Curious Case of Benjamin Button,2
Sideways,Slumdog Millionaire,2
Sideways,The Duchess,2
Sideways,Crazy Heart,2
Sideways,Inglourious Basterds,2
Sideways,The Blind Side,1
Sideways,Up,2
Sideways,Avatar,1
Sideways,The Young Victoria,2
Sideways,The Hurt Locker,1
Sideways,The Secret in Their Eyes,1
Sideways,Star Trek,1
Capote,Syriana,1
Capote,Walk the Line,2
Capote,The Constant Gardener,1
Capote,Memoirs of a Geisha,1
Capote,Brokeback Mountain,1
Capote,Crash,2
Capote,Tsotsi,2
Capote,Hustle & Flow,2
Capote,King Kong,1
Capote,The Last King of Scotland,2
Capote,Little Miss Sunshine,1
Capote,The Queen,2
Capote,Dreamgirls,1
Capote,Pan's Labyrinth,1
Capote,Marie Antoinette,2
Capote,The Departed,2
Capote,The Lives of Others,1
Capote,There Will Be Blood,1
Capote,No Country for Old Men,2
Capote,Michael Clayton,2
Capote,Elizabeth: The Golden Age,2
Capote,Once,1
Capote,Milk,2
Capote,The Dark Knight,2
Capote,The Reader,1
Capote,Vicky Cristina Barcelona,1
Capote,The Curious Case of Benjamin Button,1
Capote,Slumdog Millionaire,1
Capote,The Duchess,2
Capote,Crazy Heart,1
Capote,Inglourious Basterds,1
Capote,The Blind Side,2
Capote,The Young Victoria,2
Capote,The Hurt Locker,1
Capote,The Secret in Their Eyes,1
Syriana,Walk the Line,1
Syriana,The Constant Gardener,2
Syriana,Memoirs of a Geisha,1
Syriana,Brokeback Mountain,1
Syriana,Crash,2
Syriana,Tsotsi,1
Syriana,Hustle & Flow,1
Syriana,King Kong,1
Syriana,The Last King of Scotland,2
Syriana,Little Miss Sunshine,1
Syriana,The Queen,1
Syriana,Dreamgirls,1
Syriana,Pan's Labyrinth,1
Syriana,Marie Antoinette,1
Syriana,The Departed,2
Syriana,The Lives of Others,2
Syriana,There Will Be Blood,1
Syriana,No Country for Old Men,2
Syriana,Michael Clayton,2
Syriana,Elizabeth: The Golden Age,1
Syriana,The Bourne Ultimatum,1
Syriana,Once,1
Syriana,Milk,1
Syriana,The Dark Knight,2
Syriana,The Reader,1
Syriana,Vicky Cristina Barcelona,1
Syriana,The Curious Case of Benjamin Button,1
Syriana,Slumdog Millionaire,1
Syriana,The Duchess,1
Syriana,Crazy Heart,1
Syriana,Inglourious Basterds,1
Syriana,The Blind Side,1
Syriana,The Young Victoria,1
Syriana,The Hurt Locker,2
Syriana,The Secret in Their Eyes,2
Walk the Line,The Constant Gardener,2
Walk the Line,Memoirs of a Geisha,2
Walk the Line,Brokeback Mountain,2
Walk the Line,Crash,1
Walk the Line,Tsotsi,1
Walk the Line,Hustle & Flow,2
Walk the Line,King Kong,2
Walk the Line,The Last King of Scotland,2
Walk the Line,Little Miss Sunshine,1
Walk the Line,The Queen,2
Walk the Line,Dreamgirls,2
Walk the Line,Happy Feet,2
Walk the Line,Pan's Labyrinth,1
Walk the Line,Marie Antoinette,3
Walk the Line,The Departed,1
Walk the Line,The Lives of Others,1
Walk the Line,There Will Be Blood,1
Walk the Line,No Country for Old Men,1
Walk the Line,Michael Clayton,1
Walk the Line,Elizabeth: The Golden Age,2
Walk the Line,Once,3
Walk the Line,Milk,2
Walk the Line,The Dark Knight,1
Walk the Line,The Reader,2
Walk the Line,Vicky Cristina Barcelona,2
Walk the Line,The Curious Case of Benjamin Button,2
Walk the Line,Slumdog Millionaire,2
Walk the Line,The Duchess,3
Walk the Line,Crazy Heart,3
Walk the Line,Inglourious Basterds,1
Walk the Line,The Blind Side,2
Walk the Line,The Young Victoria,3
Walk the Line,The Hurt Locker,1
Walk the Line,The Secret in Their Eyes,1
The Constant Gardener,Memoirs of a Geisha,2
The Constant Gardener,Brokeback Mountain,2
The Constant Gardener,Crash,2
The Constant Gardener,Tsotsi,1
The Constant Gardener,Hustle & Flow,1
The Constant Gardener,King Kong,2
The Constant Gardener,The Last King of Scotland,2
The Constant Gardener,Little Miss Sunshine,1
The Constant Gardener,The Queen,1
The Constant Gardener,Dreamgirls,1
The Constant Gardener,Happy Feet,1
The Constant Gardener,Pan's Labyrinth,1
The Constant Gardener,Marie Antoinette,2
The Constant Gardener,The Departed,2
The Constant Gardener,The Lives of Others,2
The Constant Gardener,There Will Be Blood,1
The Constant Gardener,No Country for Old Men,2
The Constant Gardener,Michael Clayton,3
The Constant Gardener,Elizabeth: The Golden Age,1
The Constant Gardener,The Bourne Ultimatum,2
The Constant Gardener,Once,2
The Constant Gardener,Milk,1
The Constant Gardener,The Dark Knight,2
The Constant Gardener,The Reader,2
The Constant Gardener,Vicky Cristina Barcelona,2
The Constant Gardener,The Curious Case of Benjamin Button,2
The Constant Gardener,Slumdog Millionaire,2
The Constant Gardener,The Duchess,2
The Constant Gardener,Crazy Heart,2
The Constant Gardener,Inglourious Basterds,1
The Constant Gardener,The Blind Side,1
The Constant Gardener,The Young Victoria,2
The Constant Gardener,The Hurt Locker,2
The Constant Gardener,The Secret in Their Eyes,3
Memoirs of a Geisha,Brokeback Mountain,2
Memoirs of a Geisha,Crash,1
Memoirs of a Geisha,Tsotsi,1
Memoirs of a Geisha,Hustle & Flow,1
Memoirs of a Geisha,King Kong,2
Memoirs of a Geisha,The Last King of Scotland,1
Memoirs of a Geisha,Little Miss Sunshine,1
Memoirs of a Geisha,The Queen,1
Memoirs of a Geisha,Dreamgirls,1
Memoirs of a Geisha,Happy Feet,1
Memoirs of a Geisha,Pan's Labyrinth,1
Memoirs of a Geisha,Marie Antoinette,2
Memoirs of a Geisha,The Departed,1
Memoirs of a Geisha,The Lives of Others,1
Memoirs of a Geisha,There Will Be Blood,1
Memoirs of a Geisha,No Country for Old Men,1
Memoirs of a Geisha,Michael Clayton,1
Memoirs of a Geisha,Elizabeth: The Golden Age,1
Memoirs of a Geisha,Once,2
Memoirs of a Geisha,Milk,1
Memoirs of a Geisha,The Dark Knight,1
Memoirs of a Geisha,The Reader,2
Memoirs of a Geisha,Vicky Cristina Barcelona,2
Memoirs of a Geisha,The Curious Case of Benjamin Button,2
Memoirs of a Geisha,Slumdog Millionaire,2
Memoirs of a Geisha,The Duchess,2
Memoirs of a Geisha,Crazy Heart,2
Memoirs of a Geisha,Inglourious Basterds,1
Memoirs of a Geisha,The Blind Side,1
Memoirs of a Geisha,The Young Victoria,2
Memoirs of a Geisha,The Hurt Locker,1
Memoirs of a Geisha,The Secret in Their Eyes,1
Brokeback Mountain,Crash,1
Brokeback Mountain,Tsotsi,1
Brokeback Mountain,Hustle & Flow,1
Brokeback Mountain,King Kong,2
Brokeback Mountain,The Last King of Scotland,1
Brokeback Mountain,Little Miss Sunshine,1
Brokeback Mountain,The Queen,1
Brokeback Mountain,Dreamgirls,1
Brokeback Mountain,Happy Feet,1
Brokeback Mountain,Pan's Labyrinth,1
Brokeback Mountain,Marie Antoinette,2
Brokeback Mountain,The Departed,1
Brokeback Mountain,The Lives of Others,1
Brokeback Mountain,There Will Be Blood,1
Brokeback Mountain,No Country for Old Men,1
Brokeback Mountain,Michael Clayton,1
Brokeback Mountain,Elizabeth: The Golden Age,1
Brokeback Mountain,Once,2
Brokeback Mountain,Milk,1
Brokeback Mountain,The Dark Knight,1
Brokeback Mountain,The Reader,2
Brokeback Mountain,Vicky Cristina Barcelona,2
Brokeback Mountain,The Curious Case of Benjamin Button,2
Brokeback Mountain,Slumdog Millionaire,2
Brokeback Mountain,The Duchess,2
Brokeback Mountain,Crazy Heart,2
Brokeback Mountain,Inglourious Basterds,1
Brokeback Mountain,The Blind Side,1
Brokeback Mountain,The Young Victoria,2
Brokeback Mountain,The Hurt Locker,1
Brokeback Mountain,The Secret in Their Eyes,1
Crash,Tsotsi,2
Crash,Hustle & Flow,2
Crash,King Kong,1
Crash,The Last King of Scotland,2
Crash,Little Miss Sunshine,1
Crash,The Queen,1
Crash,Dreamgirls,1
Crash,Pan's Labyrinth,1
Crash,Marie Antoinette,1
Crash,The Departed,3
Crash,The Lives of Others,2
Crash,There Will Be Blood,1
Crash,No Country for Old Men,3
Crash,Michael Clayton,3
Crash,Elizabeth: The Golden Age,1
Crash,The Bourne Ultimatum,1
Crash,Once,1
Crash,Milk,1
Crash,The Dark Knight,3
Crash,The Reader,1
Crash,Vicky Cristina Barcelona,1
Crash,The Curious Case of Benjamin Button,1
Crash,Slumdog Millionaire,1
Crash,The Duchess,1
Crash,Crazy Heart,1
Crash,Inglourious Basterds,1
Crash,The Blind Side,1
Crash,The Young Victoria,1
Crash,The Hurt Locker,2
Crash,The Secret in Their Eyes,2
Tsotsi,Hustle & Flow,2
Tsotsi,King Kong,1
Tsotsi,The Last King of Scotland,1
Tsotsi,Little Miss Sunshine,1
Tsotsi,The Queen,1
Tsotsi,Dreamgirls,1
Tsotsi,Pan's Labyrinth,1
Tsotsi,Marie Antoinette,1
Tsotsi,The Departed,2
Tsotsi,The Lives of Others,1
Tsotsi,There Will Be Blood,1
Tsotsi,No Country for Old Men,2
Tsotsi,Michael Clayton,2
Tsotsi,Elizabeth: The Golden Age,1
Tsotsi,Once,1
Tsotsi,Milk,1
Tsotsi,The Dark Knight,2
Tsotsi,The Reader,1
Tsotsi,Vicky Cristina Barcelona,1
Tsotsi,The Curious Case of Benjamin Button,1
Tsotsi,Slumdog Millionaire,1
Tsotsi,The Duchess,1
Tsotsi,Crazy Heart,1
Tsotsi,Inglourious Basterds,1
Tsotsi,The Blind Side,1
Tsotsi,The Young Victoria,1
Tsotsi,The Hurt Locker,1
Tsotsi,The Secret in Their Eyes,1
"The Chronicles of Narnia: The Lion, the Witch and the Wardrobe",King Kong,1
"The Chronicles of Narnia: The Lion, the Witch and the Wardrobe",Happy Feet,1
"The Chronicles of Narnia: The Lion, the Witch and the Wardrobe",Pan's Labyrinth,1
"The Chronicles of Narnia: The Lion, the Witch and the Wardrobe",Pirates of the Caribbean: Dead Man's Chest,2
"The Chronicles of Narnia: The Lion, the Witch and the Wardrobe",Ratatouille,2
"The Chronicles of Narnia: The Lion, the Witch and the Wardrobe",The Golden Compass,3
"The Chronicles of Narnia: The Lion, the Witch and the Wardrobe",The Curious Case of Benjamin Button,1
"The Chronicles of Narnia: The Lion, the Witch and the Wardrobe",Inglourious Basterds,1
"The Chronicles of Narnia: The Lion, the Witch and the Wardrobe",Up,2
"The Chronicles of Narnia: The Lion, the Witch and the Wardrobe",Avatar,2
"The Chronicles of Narnia: The Lion, the Witch and the Wardrobe",Star Trek,1
Hustle & Flow,King Kong,1
Hustle & Flow,The Last King of Scotland,1
Hustle & Flow,Little Miss Sunshine,1
Hustle & Flow,The Queen,1
Hustle & Flow,Dreamgirls,2
Hustle & Flow,Happy Feet,1
Hustle & Flow,Pan's Labyrinth,1
Hustle & Flow,Marie Antoinette,1
Hustle & Flow,The Departed,2
Hustle & Flow,The Lives of Others,1
Hustle & Flow,There Will Be Blood,1
Hustle & Flow,No Country for Old Men,2
Hustle & Flow,Michael Clayton,2
Hustle & Flow,Elizabeth: The Golden Age,1
Hustle & Flow,Once,2
Hustle & Flow,Milk,1
Hustle & Flow,The Dark Knight,2
Hustle & Flow,The Reader,1
Hustle & Flow,Vicky Cristina Barcelona,1
Hustle & Flow,The Curious Case of Benjamin Button,1
Hustle & Flow,Slumdog Millionaire,1
Hustle & Flow,The Duchess,1
Hustle & Flow,Crazy Heart,2
Hustle & Flow,Inglourious Basterds,1
Hustle & Flow,The Blind Side,1
Hustle & Flow,The Young Victoria,1
Hustle & Flow,The Hurt Locker,1
Hustle & Flow,The Secret in Their Eyes,1
King Kong,The Last King of Scotland,1
King Kong,Little Miss Sunshine,1
King Kong,The Queen,1
King Kong,Dreamgirls,1
King Kong,Happy Feet,1
King Kong,Pan's Labyrinth,1
King Kong,Marie Antoinette,2
King Kong,The Departed,1
King Kong,The Lives of Others,1
King Kong,Pirates of the Caribbean: Dead Man's Chest,2
King Kong,There Will Be Blood,1
King Kong,No Country for Old Men,1
King Kong,Michael Clayton,1
King Kong,Elizabeth: The Golden Age,1
King Kong,The Bourne Ultimatum,1
King Kong,Once,2
King Kong,The Golden Compass,1
King Kong,Milk,1
King Kong,The Dark Knight,2
King Kong,The Reader,2
King Kong,Vicky Cristina Barcelona,2
King Kong,The Curious Case of Benjamin Button,2
King Kong,Slumdog Millionaire,2
King Kong,The Duchess,2
King Kong,Crazy Heart,2
King Kong,Inglourious Basterds,2
King Kong,The Blind Side,1
King Kong,Up,1
King Kong,Avatar,2
King Kong,The Young Victoria,2
King Kong,The Hurt Locker,1
King Kong,The Secret in Their Eyes,1
King Kong,Star Trek,2
The Last King of Scotland,Little Miss Sunshine,1
The Last King of Scotland,The Queen,2
The Last King of Scotland,Dreamgirls,1
The Last King of Scotland,Pan's Labyrinth,1
The Last King of Scotland,Marie Antoinette,3
The Last King of Scotland,The Departed,2
The Last King of Scotland,The Lives of Others,2
The Last King of Scotland,There Will Be Blood,1
The Last King of Scotland,No Country for Old Men,2
The Last King of Scotland,Michael Clayton,2
The Last King of Scotland,Elizabeth: The Golden Age,3
The Last King of Scotland,The Bourne Ultimatum,1
The Last King of Scotland,Once,1
The Last King of Scotland,Milk,3
The Last King of Scotland,The Dark Knight,2
The Last King of Scotland,The Reader,1
The Last King of Scotland,Vicky Cristina Barcelona,1
The Last King of Scotland,The Curious Case of Benjamin Button,1
The Last King of Scotland,Slumdog Millionaire,1
The Last King of Scotland,The Duchess,3
The Last King of Scotland,Crazy Heart,1
The Last King of Scotland,Inglourious Basterds,1
The Last King of Scotland,The Blind Side,2
The Last King of Scotland,The Young Victoria,3
The Last King of Scotland,The Hurt Locker,3
The Last King of Scotland,The Secret in Their Eyes,2
Little Miss Sunshine,The Queen,1
Little Miss Sunshine,Dreamgirls,1
Little Miss Sunshine,Happy Feet,1
Little Miss Sunshine,Pan's Labyrinth,1
Little Miss Sunshine,Marie Antoinette,1
Little Miss Sunshine,The Departed,1
Little Miss Sunshine,The Lives of Others,1
Little Miss Sunshine,There Will Be Blood,1
Little Miss Sunshine,No Country for Old Men,1
Little Miss Sunshine,Michael Clayton,1
Little Miss Sunshine,Ratatouille,1
Little Miss Sunshine,Elizabeth: The Golden Age,1
Little Miss Sunshine,Once,1
Little Miss Sunshine,Milk,1
Little Miss Sunshine,The Dark Knight,1
Little Miss Sunshine,The Reader,1
Little Miss Sunshine,Vicky Cristina Barcelona,1
Little Miss Sunshine,The Curious Case of Benjamin Button,1
Little Miss Sunshine,Slumdog Millionaire,1
Little Miss Sunshine,The Duchess,1
Little Miss Sunshine,Crazy Heart,1
Little Miss Sunshine,Inglourious Basterds,1
Little Miss Sunshine,The Blind Side,1
Little Miss Sunshine,Up,1
Little Miss Sunshine,The Young Victoria,1
Little Miss Sunshine,The Hurt Locker,1
Little Miss Sunshine,The Secret in Their Eyes,1
The Queen,Dreamgirls,1
The Queen,Pan's Labyrinth,1
The Queen,Marie Antoinette,2
The Queen,The Departed,1
The Queen,The Lives of Others,1
The Queen,There Will Be Blood,1
The Queen,No Country for Old Men,1
The Queen,Michael Clayton,1
The Queen,Elizabeth: The Golden Age,2
The Queen,Once,1
The Queen,Milk,2
The Queen,The Dark Knight,1
The Queen,The Reader,1
The Queen,Vicky Cristina Barcelona,1
The Queen,The Curious Case of Benjamin Button,1
The Queen,Slumdog Millionaire,1
The Queen,The Duchess,2
The Queen,Crazy Heart,1
The Queen,Inglourious Basterds,1
The Queen,The Blind Side,2
The Queen,The Young Victoria,2
The Queen,The Hurt Locker,1
The Queen,The Secret in Their Eyes,1
Dreamgirls,Happy Feet,1
Dreamgirls,Pan's Labyrinth,1
Dreamgirls,Marie Antoinette,1
Dreamgirls,The Departed,1
Dreamgirls,The Lives of Others,1
Dreamgirls,There Will Be Blood,1
Dreamgirls,No Country for Old Men,1
Dreamgirls,Michael Clayton,1
Dreamgirls,Elizabeth: The Golden Age,1
Dreamgirls,Once,2
Dreamgirls,Milk,1
Dreamgirls,The Dark Knight,1
Dreamgirls,The Reader,1
Dreamgirls,Vicky Cristina Barcelona,1
Dreamgirls,The Curious Case of Benjamin Button,1
Dreamgirls,Slumdog Millionaire,1
Dreamgirls,The Duchess,1
Dreamgirls,Crazy Heart,2
Dreamgirls,Inglourious Basterds,1
Dreamgirls,The Blind Side,1
Dreamgirls,The Young Victoria,1
Dreamgirls,The Hurt Locker,1
Dreamgirls,The Secret in Their Eyes,1
Happy Feet,Marie Antoinette,1
Happy Feet,Ratatouille,3
Happy Feet,Once,2
Happy Feet,The Golden Compass,1
Happy Feet,The Reader,1
Happy Feet,Vicky Cristina Barcelona,1
Happy Feet,The Curious Case of Benjamin Button,1
Happy Feet,Slumdog Millionaire,1
Happy Feet,The Duchess,1
Happy Feet,Crazy Heart,2
Happy Feet,Up,3
Happy Feet,The Young Victoria,1
Pan's Labyrinth,Marie Antoinette,1
Pan's Labyrinth,The Departed,1
Pan's Labyrinth,The Lives of Others,1
Pan's Labyrinth,Pirates of the Caribbean: Dead Man's Chest,1
Pan's Labyrinth,There Will Be Blood,1
Pan's Labyrinth,No Country for Old Men,1
Pan's Labyrinth,Michael Clayton,1
Pan's Labyrinth,Ratatouille,1
Pan's Labyrinth,Elizabeth: The Golden Age,2
Pan's Labyrinth,Once,1
Pan's Labyrinth,The Golden Compass,1
Pan's Labyrinth,Milk,1
Pan's Labyrinth,The Dark Knight,1
Pan's Labyrinth,The Reader,1
Pan's Labyrinth,Vicky Cristina Barcelona,1
Pan's Labyrinth,The Curious Case of Benjamin Button,2
Pan's Labyrinth,Slumdog Millionaire,1
Pan's Labyrinth,The Duchess,1
Pan's Labyrinth,Crazy Heart,1
Pan's Labyrinth,Inglourious Basterds,2
Pan's Labyrinth,The Blind Side,1
Pan's Labyrinth,Avatar,1
Pan's Labyrinth,The Young Victoria,1
Pan's Labyrinth,The Hurt Locker,2
Pan's Labyrinth,The Secret in Their Eyes,1
Marie Antoinette,The Departed,1
Marie Antoinette,The Lives of Others,1
Marie Antoinette,There Will Be Blood,1
Marie Antoinette,No Country for Old Men,1
Marie Antoinette,Michael Clayton,1
Marie Antoinette,Elizabeth: The Golden Age,3
Marie Antoinette,Once,2
Marie Antoinette,Milk,3
Marie Antoinette,The Dark Knight,1
Marie Antoinette,The Reader,2
Marie Antoinette,Vicky Cristina Barcelona,2
Marie Antoinette,The Curious Case of Benjamin Button,2
Marie Antoinette,Slumdog Millionaire,2
Marie Antoinette,The Duchess,4
Marie Antoinette,Crazy Heart,2
Marie Antoinette,Inglourious Basterds,1
Marie Antoinette,The Blind Side,2
Marie Antoinette,The Young Victoria,4
Marie Antoinette,The Hurt Locker,2
Marie Antoinette,The Secret in Their Eyes,1
The Departed,The Lives of Others,2
The Departed,There Will Be Blood,1
The Departed,No Country for Old Men,3
The Departed,Michael Clayton,3
The Departed,Elizabeth: The Golden Age,1
The Departed,The Bourne Ultimatum,1
The Departed,Once,1
The Departed,Milk,1
The Departed,The Dark Knight,3
The Departed,The Reader,1
The Departed,Vicky Cristina Barcelona,1
The Departed,The Curious Case of Benjamin Button,1
The Departed,Slumdog Millionaire,1
The Departed,The Duchess,1
The Departed,Crazy Heart,1
The Departed,Inglourious Basterds,1
The Departed,The Blind Side,1
The Departed,The Young Victoria,1
The Departed,The Hurt Locker,2
The Departed,The Secret in Their Eyes,2
The Lives of Others,There Will Be Blood,1
The Lives of Others,No Country for Old Men,2
The Lives of Others,Michael Clayton,2
The Lives of Others,Elizabeth: The Golden Age,1
The Lives of Others,The Bourne Ultimatum,1
The Lives of Others,Once,1
The Lives of Others,Milk,1
The Lives of Others,The Dark Knight,2
The Lives of Others,The Reader,1
The Lives of Others,Vicky Cristina Barcelona,1
The Lives of Others,The Curious Case of Benjamin Button,1
The Lives of Others,Slumdog Millionaire,1
The Lives of Others,The Duchess,1
The Lives of Others,Crazy Heart,1
The Lives of Others,Inglourious Basterds,1
The Lives of Others,The Blind Side,1
The Lives of Others,The Young Victoria,1
The Lives of Others,The Hurt Locker,2
The Lives of Others,The Secret in Their Eyes,2
Pirates of the Caribbean: Dead Man's Chest,Ratatouille,1
Pirates of the Caribbean: Dead Man's Chest,The Bourne Ultimatum,1
Pirates of the Caribbean: Dead Man's Chest,The Golden Compass,2
Pirates of the Caribbean: Dead Man's Chest,The Dark Knight,1
Pirates of the Caribbean: Dead Man's Chest,The Curious Case of Benjamin Button,1
Pirates of the Caribbean: Dead Man's Chest,Inglourious Basterds,1
Pirates of the Caribbean: Dead Man's Chest,Up,1
Pirates of the Caribbean: Dead Man's Chest,Avatar,3
Pirates of the Caribbean: Dead Man's Chest,Star Trek,2
There Will Be Blood,No Country for Old Men,1
There Will Be Blood,Michael Clayton,1
There Will Be Blood,Elizabeth: The Golden Age,1
There Will Be Blood,Once,1
There Will Be Blood,Milk,1
There Will Be Blood,The Dark Knight,1
There Will Be Blood,The Reader,1
There Will Be Blood,Vicky Cristina Barcelona,1
There Will Be Blood,The Curious Case of Benjamin Button,1
There Will Be Blood,Slumdog Millionaire,1
There Will Be Blood,The Duchess,1
There Will Be Blood,Crazy Heart,1
There Will Be Blood,Inglourious Basterds,1
There Will Be Blood,The Blind Side,1
There Will Be Blood,The Young Victoria,1
There Will Be Blood,The Hurt Locker,1
There Will Be Blood,The Secret in Their Eyes,1
No Country for Old Men,Michael Clayton,3
No Country for Old Men,Elizabeth: The Golden Age,1
No Country for Old Men,The Bourne Ultimatum,1
No Country for Old Men,Once,1
No Country for Old Men,Milk,1
No Country for Old Men,The Dark Knight,3
No Country for Old Men,The Reader,1
No Country for Old Men,Vicky Cristina Barcelona,1
No Country for Old Men,The Curious Case of Benjamin Button,1
No Country for Old Men,Slumdog Millionaire,1
No Country for Old Men,The Duchess,1
No Country for Old Men,Crazy Heart,1
No Country for Old Men,Inglourious Basterds,1
No Country for Old Men,The Blind Side,1
No Country for Old Men,The Young Victoria,1
No Country for Old Men,The Hurt Locker,2
No Country for Old Men,The Secret in Their Eyes,2
Michael Clayton,Elizabeth: The Golden Age,1
Michael Clayton,The Bourne Ultimatum,2
Michael Clayton,Once,1
Michael Clayton,Milk,1
Michael Clayton,The Dark Knight,3
Michael Clayton,The Reader,1
Michael Clayton,Vicky Cristina Barcelona,1
Michael Clayton,The Curious Case of Benjamin Button,1
Michael Clayton,Slumdog Millionaire,1
Michael Clayton,The Duchess,1
Michael Clayton,Crazy Heart,1
Michael Clayton,Inglourious Basterds,1
Michael Clayton,The Blind Side,1
Michael Clayton,The Young Victoria,1
Michael Clayton,The Hurt Locker,2
Michael Clayton,The Secret in Their Eyes,3
Ratatouille,The Golden Compass,2
Ratatouille,The Curious Case of Benjamin Button,1
Ratatouille,Up,3
Ratatouille,Avatar,1
Elizabeth: The Golden Age,Once,1
Elizabeth: The Golden Age,Milk,3
Elizabeth: The Golden Age,The Dark Knight,1
Elizabeth: The Golden Age,The Reader,1
Elizabeth: The Golden Age,Vicky Cristina Barcelona,1
Elizabeth: The Golden Age,The Curious Case of Benjamin Button,1
Elizabeth: The Golden Age,Slumdog Millionaire,1
Elizabeth: The Golden Age,The Duchess,3
Elizabeth: The Golden Age,Crazy Heart,1
Elizabeth: The Golden Age,Inglourious Basterds,2
Elizabeth: The Golden Age,The Blind Side,2
Elizabeth: The Golden Age,The Young Victoria,3
Elizabeth: The Golden Age,The Hurt Locker,3
Elizabeth: The Golden Age,The Secret in Their Eyes,1
The Bourne Ultimatum,The Dark Knight,2
The Bourne Ultimatum,Avatar,1
The Bourne Ultimatum,The Hurt Locker,1
The Bourne Ultimatum,The Secret in Their Eyes,2
The Bourne Ultimatum,Star Trek,1
Once,Milk,1
Once,The Dark Knight,1
Once,The Reader,2
Once,Vicky Cristina Barcelona,2
Once,The Curious Case of Benjamin Button,2
Once,Slumdog Millionaire,2
Once,The Duchess,2
Once,Crazy Heart,3
Once,Inglourious Basterds,1
Once,The Blind Side,1
Once,The Young Victoria,2
Once,The Hurt Locker,1
Once,The Secret in Their Eyes,1
The Golden Compass,The Curious Case of Benjamin Button,1
The Golden Compass,Inglourious Basterds,1
The Golden Compass,Up,2
The Golden Compass,Avatar,2
The Golden Compass,Star Trek,1
Milk,The Dark Knight,1
Milk,The Reader,1
Milk,Vicky Cristina Barcelona,1
Milk,The Curious Case of Benjamin Button,1
Milk,Slumdog Millionaire,1
Milk,The Duchess,3
Milk,Crazy Heart,1
Milk,Inglourious Basterds,1
Milk,The Blind Side,2
Milk,The Young Victoria,3
Milk,The Hurt Locker,2
Milk,The Secret in Their Eyes,1
The Dark Knight,The Reader,1
The Dark Knight,Vicky Cristina Barcelona,1
The Dark Knight,The Curious Case of Benjamin Button,1
The Dark Knight,Slumdog Millionaire,1
The Dark Knight,The Duchess,1
The Dark Knight,Crazy Heart,1
The Dark Knight,Inglourious Basterds,1
The Dark Knight,The Blind Side,1
The Dark Knight,Avatar,1
The Dark Knight,The Young Victoria,1
The Dark Knight,The Hurt Locker,2
The Dark Knight,The Secret in Their Eyes,2
The Dark Knight,Star Trek,1
The Reader,Vicky Cristina Barcelona,2
The Reader,The Curious Case of Benjamin Button,2
The Reader,Slumdog Millionaire,2
The Reader,The Duchess,2
The Reader,Crazy Heart,2
The Reader,Inglourious Basterds,1
The Reader,The Blind Side,1
The Reader,The Young Victoria,2
The Reader,The Hurt Locker,1
The Reader,The Secret in Their Eyes,1
Vicky Cristina Barcelona,The Curious Case of Benjamin Button,2
Vicky Cristina Barcelona,Slumdog Millionaire,2
Vicky Cristina Barcelona,The Duchess,2
Vicky Cristina Barcelona,Crazy Heart,2
Vicky Cristina Barcelona,Inglourious Basterds,1
Vicky Cristina Barcelona,The Blind Side,1
Vicky Cristina Barcelona,The Young Victoria,2
Vicky Cristina Barcelona,The Hurt Locker,1
Vicky Cristina Barcelona,The Secret in Their Eyes,1
The Curious Case of Benjamin Button,Slumdog Millionaire,2
The Curious Case of Benjamin Button,The Duchess,2
The Curious Case of Benjamin Button,Crazy Heart,2
The Curious Case of Benjamin Button,Inglourious Basterds,1
The Curious Case of Benjamin Button,The Blind Side,1
The Curious Case of Benjamin Button,Avatar,1
The Curious Case of Benjamin Button,The Young Victoria,2
The Curious Case of Benjamin Button,The Hurt Locker,1
The Curious Case of Benjamin Button,The Secret in Their Eyes,1
Slumdog Millionaire,The Duchess,2
Slumdog Millionaire,Crazy Heart,2
Slumdog Millionaire,Inglourious Basterds,1
Slumdog Millionaire,The Blind Side,1
Slumdog Millionaire,The Young Victoria,2
Slumdog Millionaire,The Hurt Locker,1
Slumdog Millionaire,The Secret in Their Eyes,1
The Duchess,Crazy Heart,2
The Duchess,Inglourious Basterds,1
The Duchess,The Blind Side,2
The Duchess,The Young Victoria,4
The Duchess,The Hurt Locker,2
The Duchess,The Secret in Their Eyes,1
Crazy Heart,Inglourious Basterds,1
Crazy Heart,The Blind Side,1
Crazy Heart,The Young Victoria,2
Crazy Heart,The Hurt Locker,1
Crazy Heart,The Secret in Their Eyes,1
Inglourious Basterds,The Blind Side,1
Inglourious Basterds,Up,1
Inglourious Basterds,Avatar,1
Inglourious Basterds,The Young Victoria,1
Inglourious Basterds,The Hurt Locker,2
Inglourious Basterds,The Secret in Their Eyes,1
Inglourious Basterds,Star Trek,1
The Blind Side,The Young Victoria,2
The Blind Side,The Hurt Locker,1
The Blind Side,The Secret in Their Eyes,1
Up,Avatar,1
Up,Star Trek,1
Avatar,Star Trek,3
The Young Victoria,The Hurt Locker,2
The Young Victoria,The Secret in Their Eyes,1
The Hurt Locker,The Secret in Their Eyes,2
